run name,run,AP_coat_best_value,AP_coat_best_epoch,Precision_coat_best_value,Precision_coat_best_epoch,Recall_coat_best_value,Recall_coat_best_epoch,AP_no-coat_best_value,AP_no-coat_best_epoch,Precision_no-coat_best_value,Precision_no-coat_best_epoch,Recall_no-coat_best_value,Recall_no-coat_best_epoch,AP_eyewear_best_value,AP_eyewear_best_epoch,Precision_eyewear_best_value,Precision_eyewear_best_epoch,Recall_eyewear_best_value,Recall_eyewear_best_epoch,AP_no-eyewear_best_value,AP_no-eyewear_best_epoch,Precision_no-eyewear_best_value,Precision_no-eyewear_best_epoch,Recall_no-eyewear_best_value,Recall_no-eyewear_best_epoch,AP_gloves_best_value,AP_gloves_best_epoch,Precision_gloves_best_value,Precision_gloves_best_epoch,Recall_gloves_best_value,Recall_gloves_best_epoch,AP_no-gloves_best_value,AP_no-gloves_best_epoch,Precision_no-gloves_best_value,Precision_no-gloves_best_epoch,Recall_no-gloves_best_value,Recall_no-gloves_best_epoch,Precision_Overall_best_value,Precision_Overall_best_epoch,Recall_Overall_best_value,Recall_Overall_best_epoch,Total_Loss_Train_best_value,Total_Loss_Train_best_epoch,Total_Loss_Val_best_value,Total_Loss_Val_best_epoch,BCE_Loss_Train_best_value,BCE_Loss_Train_best_epoch,IoU_Loss_Train_best_value,IoU_Loss_Train_best_epoch,Objectness_Loss_Train_best_value,Objectness_Loss_Train_best_epoch,mAP_>50_best_value,mAP_>50_best_epoch,BCE_Loss_Val_best_value,BCE_Loss_Val_best_epoch,IoU_Loss_Val_best_value,IoU_Loss_Val_best_epoch,Objectness_Loss_Val_best_value,Objectness_Loss_Val_best_epoch
yolox_s_uaTrue_transformsTrue_dn(data_748.txt)_nc6_ep200_bs8_lr1e-04_wd5e-04_07-30_17,199,0.9404469132423401,40,0.8848167657852173,189,0.9752475023269653,40,0.6123235821723938,50,1.0,1,0.6216216087341309,50,0.20755347609519958,39,1.0,10,0.29411765933036804,38,0.1875,87,0.5,89,0.25,23,0.6826050281524658,73,0.875,6,0.807692289352417,71,0.5795454382896423,62,0.6666666865348816,5,0.875,44,0.6056475639343262,169,0.5548105239868164,51,0.016157926991581917,199,0.07229585945606232,185,0.00020303792553022504,198,0.4523027539253235,199,0.008907881565392017,198,0.4392819106578827,46,0.16088131070137024,21,1.6087802648544312,197,0.022233229130506516,41
yolox_s_uaTrue_transformsTrue_dn(data_723_s.txt)_nc6_ep200_bs8_lr1e-04_wd5e-04_07-30_16,199,0.9207507371902466,34,0.9397590160369873,197,0.9603960514068604,37,0.7129969596862793,34,1.0,65,0.7297297120094299,34,0.26232653856277466,56,1.0,9,0.3529411852359772,56,0.1666666716337204,45,1.0,56,0.25,26,0.6503698825836182,159,1.0,2,0.8461538553237915,82,0.5227501392364502,105,1.0,3,0.875,84,0.6598421931266785,194,0.5460261106491089,195,0.01748121716082096,199,0.07791251689195633,186,0.0005509258480742574,199,0.5758923888206482,199,0.011948768049478531,199,0.43543562293052673,195,0.14013266563415527,175,1.6676310300827026,198,0.023331403732299805,68
yolox_m_uaFalse_transformsTrue_nc6_ep300_bs8_lr1e-04_wd5e-04_07-29_13,299,0.9591260552406311,46,0.914893627166748,299,0.9752475023269653,46,0.7448508739471436,13,1.0,0,0.7837837934494019,13,0.465864896774292,235,1.0,5,0.529411792755127,235,0.375,67,1.0,3,0.375,4,0.6362627744674683,34,1.0,0,0.807692289352417,37,0.7916666269302368,210,1.0,2,1.0,52,0.7717998623847961,285,0.6589199304580688,52,0.012215711176395416,299,0.07055430114269257,157,0.00027579773450270295,298,0.40858978033065796,299,0.010521722957491875,299,0.524336576461792,164,0.11021671444177628,26,1.623691439628601,102,0.020657788962125778,71
yolox_m_uaFalse_transformsFalse_nc6_ep300_bs8_lr1e-04_wd5e-04_07-29_18,299,0.9437133073806763,6,0.9866666793823242,210,0.9851484894752502,1,0.6508687734603882,27,1.0,33,0.6756756901741028,27,0.3529411852359772,78,1.0,3,0.38235294818878174,72,0.5,35,1.0,9,0.5,22,0.631075382232666,72,1.0,135,0.8461538553237915,58,0.7336310148239136,21,0.800000011920929,63,1.0,23,0.9008966088294983,223,0.6758630275726318,27,0.005105532240122557,284,0.0761728584766388,39,5.202798274694942e-05,269,0.17305800318717957,284,0.0029167274478822947,299,0.555672824382782,27,0.10063330084085464,119,1.5669771432876587,24,0.021513167768716812,9
yolox_s_uaFalse_transformsFalse_nc6_ep300_bs8_lr1e-04_wd5e-04_07-29_16,299,0.9030122756958008,34,0.9624999761581421,282,0.9455445408821106,15,0.5651105642318726,15,1.0,1,0.5675675868988037,15,0.3607843220233917,77,1.0,49,0.38235294818878174,23,0.375,68,1.0,22,0.375,24,0.6310269236564636,95,1.0,1,0.807692289352417,93,0.6642857193946838,18,1.0,228,0.75,16,0.9127034544944763,281,0.6042664647102356,38,0.005761182401329279,295,0.08150407671928406,35,5.7732420827960595e-05,238,0.19870240986347198,295,0.0032767944503575563,284,0.4890369772911072,68,0.16389364004135132,38,1.6486821174621582,68,0.022983402013778687,27
yolox_m_uaTrue_transformsTrue_dn(data_393_s.txt)_nc6_ep200_bs8_lr1e-04_wd5e-04_07-30_19,199,0.8952547907829285,3,0.8969696760177612,191,0.9306930899620056,52,0.6005714535713196,9,1.0,3,0.6756756901741028,52,0.32271242141723633,20,1.0,25,0.38235294818878174,20,0.375,29,1.0,19,0.5,44,0.625930666923523,179,0.6000000238418579,2,0.807692289352417,44,0.660714328289032,157,0.75,156,0.875,59,0.6770737171173096,193,0.5889308452606201,44,0.019461385905742645,197,0.08833801746368408,77,0.0009386993478983641,196,0.7573148012161255,199,0.016437888145446777,199,0.4387807548046112,146,0.1400976926088333,45,1.7718838453292847,198,0.026171790435910225,45
yolox_s_uaTrue_transformsTrue_dn()_nc6_ep300_bs8_lr1e-04_wd5e-04_07-30_00,299,0.9461721181869507,41,0.8743718862533569,297,0.9801980257034302,41,0.642535388469696,43,1.0,11,0.6756756901741028,29,0.40314021706581116,21,1.0,112,0.47058823704719543,21,0.375,101,1.0,102,0.5,116,0.6243903636932373,219,1.0,0,0.8846153616905212,101,0.6839743852615356,214,1.0,10,1.0,111,0.6998323202133179,159,0.6465813517570496,111,0.017313342541456223,299,0.07423797249794006,148,0.0010569342412054539,296,0.5529497265815735,299,0.011608296073973179,297,0.5391998291015625,111,0.10850663483142853,45,1.6172717809677124,298,0.02159152366220951,148
yolox_s_uaFalse_transformsTrue_nc6_ep300_bs8_lr1e-04_wd5e-04_07-29_10,299,0.9395303726196289,283,0.9358288645744324,293,0.9851484894752502,22,0.6704781651496887,49,1.0,0,0.7027027010917664,280,0.4461821913719177,141,1.0,6,0.529411792755127,141,0.375,37,1.0,17,0.5,272,0.6226825714111328,249,1.0,0,0.807692289352417,49,0.8115079402923584,200,0.8571428656578064,198,0.875,52,0.7236184477806091,288,0.6408805847167969,106,0.012939472682774067,299,0.07000621408224106,294,0.0006845654570497572,297,0.4281856417655945,299,0.011573047377169132,299,0.5250715613365173,287,0.11339687556028366,17,1.5809847116470337,296,0.021421194076538086,196
yolox_s_uaTrue_transformsTrue_dn(data_553.txt)_nc6_ep200_bs8_lr1e-04_wd5e-04_07-30_14,199,0.9286391735076904,96,0.8958333134651184,194,0.9554455280303955,22,0.6486486792564392,121,1.0,10,0.7027027010917664,128,0.17716747522354126,51,1.0,9,0.3235294222831726,51,0.1875,42,0.5,98,0.375,42,0.6106489896774292,169,1.0,2,0.8461538553237915,76,0.5568181872367859,77,0.6666666865348816,15,0.875,76,0.6072477698326111,9,0.5725057721138,76,0.016618136316537857,199,0.07931550592184067,114,0.00023758616589475423,194,0.43770334124565125,199,0.009617815725505352,199,0.42149442434310913,94,0.1805228590965271,24,1.7090625762939453,196,0.02344062179327011,117
yolox_m_uaTrue_transformsTrue_dn()_nc6_ep300_bs8_lr1e-04_wd5e-04_07-30_02,299,0.947242259979248,119,0.9425287246704102,286,0.9752475023269653,78,0.7097394466400146,7,1.0,37,0.7297297120094299,7,0.4695988595485687,197,1.0,1,0.5882353186607361,128,0.5,281,1.0,7,0.5,54,0.6079630851745605,85,0.75,12,0.8461538553237915,185,0.786057710647583,249,0.800000011920929,58,1.0,196,0.7999135255813599,297,0.6822585463523865,128,0.01616757921874523,298,0.07120911031961441,290,0.0005443542031571269,299,0.5156412720680237,299,0.01137248519808054,298,0.5583255887031555,78,0.10951013118028641,53,1.5798152685165405,288,0.021505409851670265,25
yolox_m_uaTrue_transformsTrue_dn(data_748.txt)_nc6_ep200_bs8_lr1e-04_wd5e-04_07-31_00,199,0.936418354511261,97,0.9057591557502747,197,0.9752475023269653,132,0.6805835962295532,12,1.0,0,0.7297297120094299,12,0.2649509906768799,132,1.0,8,0.38235294818878174,132,0.25,170,0.6666666865348816,55,0.5,84,0.6002548933029175,96,0.8461538553237915,2,0.8461538553237915,112,0.661057710647583,67,0.625,116,1.0,24,0.5784538984298706,8,0.6065075397491455,132,0.015350289642810822,197,0.07332362979650497,93,0.00019447792146820575,198,0.4344274401664734,197,0.007810549344867468,198,0.44722455739974976,145,0.1572522670030594,16,1.612030029296875,196,0.022340770810842514,69
yolox_m_uaTrue_nc6_ep200_bs8_lr1e-04_wd5e-04_07-21_10,199,0.9541922211647034,6,0.9748427867889404,124,0.9851484894752502,6,0.6139363050460815,3,1.0,21,0.7027027010917664,3,0.20588237047195435,15,1.0,10,0.2647058963775635,15,0.4749999940395355,55,1.0,10,0.5,18,0.5880136489868164,60,1.0,2,0.7692307829856873,60,0.730042040348053,23,1.0,127,1.0,21,0.9063146710395813,148,0.5597221255302429,18,0.010540375486016273,196,0.07536401599645615,81,0.00018522737082093954,180,0.33938682079315186,198,0.0053166779689490795,181,0.4816786050796509,23,0.14096099138259888,165,1.5996370315551758,22,0.020711643621325493,17
yolox_m_uaTrue_transformsTrue_dn(data_723_s.txt)_nc6_ep200_bs8_lr1e-04_wd5e-04_07-30_22,199,0.9256550073623657,7,0.9408283829689026,199,0.9554455280303955,2,0.6411411762237549,23,1.0,0,0.7027027010917664,97,0.25778549909591675,14,1.0,2,0.4117647111415863,30,0.4375,43,1.0,9,0.5,10,0.5874537229537964,107,1.0,0,0.8846153616905212,107,0.7337301969528198,66,0.75,1,1.0,17,0.7620940804481506,9,0.660180389881134,110,0.016721470281481743,199,0.07539528608322144,188,0.0007530595757998526,196,0.5553770661354065,199,0.01151020172983408,197,0.4929368197917938,48,0.1305779665708542,134,1.6162583827972412,187,0.021992277354002,117
yolox_m_uaTrue_transformsTrue_dn(data_556_s.txt)_nc6_ep200_bs8_lr1e-04_wd5e-04_07-30_21,199,0.9043501615524292,5,0.9523809552192688,197,0.9504950642585754,29,0.6336413621902466,23,1.0,0,0.7027027010917664,20,0.21568627655506134,65,1.0,8,0.29411765933036804,9,0.34375,52,1.0,12,0.5,196,0.5848855972290039,75,0.8666666746139526,74,0.7692307829856873,127,0.5142857432365417,132,1.0,103,0.875,46,0.7216103076934814,103,0.5287624001502991,46,0.01824076846241951,196,0.07917200773954391,40,0.0008440900128334761,198,0.6435133218765259,199,0.012461251579225063,198,0.43714770674705505,97,0.14856263995170593,43,1.7002288103103638,187,0.023287834599614143,97
yolox_m_dndata_389.txt_bs8_lr1e-04_07-23_23,199,0.9013609886169434,7,0.9419354796409607,158,0.9504950642585754,7,0.5375994443893433,7,1.0,27,0.5675675868988037,4,0.10338681191205978,16,1.0,11,0.1764705926179886,16,0.34375,138,1.0,26,0.375,63,0.5826007723808289,69,1.0,0,0.6538461446762085,69,0.3928571343421936,27,0.6666666865348816,12,0.5,4,0.8534740209579468,79,0.43562203645706177,63,0.009575593285262585,194,0.07975087314844131,33,2.5628138246247545e-05,199,0.27601373195648193,194,0.003271698486059904,195,0.39984652400016785,28,0.17923465371131897,12,1.6380201578140259,23,0.024227432906627655,9
yolox_s_uaTrue_nc6_ep200_bs8_lr1e-04_wd5e-04_07-21_11,199,0.9115719795227051,13,0.9503105878829956,198,0.9306930899620056,16,0.6153653264045715,13,1.0,2,0.6216216087341309,13,0.3997521996498108,35,1.0,60,0.5,30,0.34375,105,1.0,67,0.375,21,0.5784032344818115,37,0.8999999761581421,5,0.7692307829856873,78,0.6041666269302368,54,0.800000011920929,114,0.75,10,0.8646317720413208,131,0.5913322567939758,21,0.011700903996825218,188,0.08192220330238342,15,0.00019800939480774105,128,0.3827289044857025,194,0.005599838215857744,188,0.49576684832572937,28,0.13920344412326813,27,1.6783630847930908,26,0.022629477083683014,16
yolox_m_uaTrue_transformsTrue_dn(data_553.txt)_nc6_ep200_bs8_lr1e-04_wd5e-04_07-30_20,199,0.9154027700424194,82,0.8877005577087402,193,0.9455445408821106,59,0.6207293272018433,82,1.0,0,0.6756756901741028,138,0.33926236629486084,179,1.0,6,0.47058823704719543,34,0.25,33,1.0,89,0.25,23,0.572259783744812,149,1.0,0,0.807692289352417,85,0.6166666746139526,146,1.0,22,1.0,134,0.6894976496696472,196,0.5647077560424805,71,0.015240157023072243,197,0.07660011947154999,106,0.0003666333213914186,197,0.413032591342926,199,0.008836469613015652,199,0.4634849429130554,138,0.14916390180587769,84,1.6712831258773804,192,0.021365387365221977,82
yolox_m_dndata_748.txt_bs8_lr1e-04_07-24_03,199,0.9283128380775452,7,0.9634146094322205,171,0.9801980257034302,11,0.591113805770874,16,1.0,0,0.6216216087341309,8,0.1979733109474182,28,1.0,4,0.3235294222831726,11,0.375,141,1.0,4,0.375,47,0.5677366256713867,22,0.800000011920929,0,0.7307692170143127,48,0.7253787517547607,78,1.0,75,0.875,9,0.7887742519378662,171,0.5356351137161255,11,0.008760456927120686,197,0.07811656594276428,34,2.0615569155779667e-05,199,0.2500227093696594,197,0.0028927787207067013,197,0.45980605483055115,20,0.20772528648376465,14,1.5938838720321655,34,0.02138851210474968,22
yolox_s_uaTrue_transformsTrue_dn(data_389.txt)_nc6_ep200_bs8_lr1e-04_wd5e-04_07-30_05,199,0.9045439958572388,35,0.914893627166748,198,0.9356435537338257,35,0.5301738977432251,96,1.0,6,0.5675675868988037,108,0.24117648601531982,124,1.0,112,0.2647058963775635,122,0.1666666716337204,23,1.0,12,0.25,23,0.563186526298523,114,1.0,1,0.7692307829856873,87,0.5416666865348816,185,1.0,3,0.75,39,0.6840802431106567,158,0.5044654011726379,96,0.01740753836929798,199,0.08327492326498032,199,0.00031219798256643116,197,0.4814422130584717,199,0.009641907177865505,199,0.4060242772102356,124,0.1415557861328125,147,1.7724779844284058,192,0.024748878553509712,30
yolox_m_dndata_723_s.txt_bs8_lr1e-04_07-24_02,199,0.9033970236778259,6,0.9772727489471436,196,0.9554455280303955,6,0.5534393787384033,1,1.0,13,0.5945945978164673,7,0.10294117778539658,13,1.0,2,0.14705882966518402,13,0.25,12,1.0,3,0.375,21,0.5623543858528137,36,1.0,1,0.6538461446762085,36,0.6126262545585632,46,1.0,0,0.75,7,0.880804717540741,112,0.5057277679443359,45,0.011290289461612701,199,0.07749859988689423,30,0.00010202699195360765,191,0.37400245666503906,191,0.004543381277471781,191,0.43306535482406616,45,0.18374738097190857,141,1.6069196462631226,24,0.024881798774003983,13
yolox_s_uaTrue_transformsTrue_dn(data_556_s.txt)_nc6_ep200_bs8_lr1e-04_wd5e-04_07-30_15,199,0.9067878127098083,57,0.931034505367279,128,0.9356435537338257,44,0.5747311115264893,47,1.0,1,0.6216216087341309,81,0.2312091588973999,81,1.0,16,0.2647058963775635,81,0.25,16,1.0,15,0.375,48,0.5612677335739136,188,1.0,1,0.7307692170143127,95,0.44999998807907104,87,1.0,10,0.625,107,0.6756332516670227,47,0.5174646377563477,107,0.018902966752648354,199,0.08718997985124588,162,0.0006968972738832235,198,0.6896476149559021,199,0.012729007750749588,199,0.414050430059433,132,0.14071956276893616,55,1.838804841041565,190,0.023111656308174133,136
yolox_m_uaTrue_transformsTrue_dn(data_389.txt)_nc6_ep200_bs8_lr1e-04_wd5e-04_07-31_01,199,0.9037081599235535,33,0.9356725215911865,198,0.9356435537338257,22,0.6194285750389099,2,1.0,0,0.7027027010917664,2,0.1759103685617447,86,0.7272727489471436,163,0.23529411852359772,84,0.375,66,1.0,15,0.5,113,0.5483729839324951,162,1.0,1,0.692307710647583,105,0.4166666865348816,91,0.5714285969734192,81,0.75,35,0.6022728085517883,107,0.5277876257896423,46,0.016319923102855682,198,0.08100627362728119,188,0.0002013197517953813,196,0.46085625886917114,199,0.008256813511252403,199,0.3841112554073334,92,0.14848874509334564,15,1.7114650011062622,192,0.025513365864753723,32
yolox_s_uaTrue_transformsTrue_dn(data_393_s.txt)_nc6_ep200_bs8_lr1e-04_wd5e-04_07-30_14,199,0.8873693346977234,30,0.8720930218696594,10,0.9306930899620056,87,0.5602846741676331,99,1.0,194,0.6216216087341309,49,0.2519634962081909,99,1.0,10,0.29411765933036804,99,0.32499998807907104,87,0.5,75,0.5,84,0.5481806993484497,86,1.0,1,0.7692307829856873,84,0.5,187,1.0,87,0.625,16,0.6695635318756104,194,0.543380856513977,99,0.018818993121385574,199,0.08926727622747421,186,0.0014159602578729391,197,0.7659708261489868,199,0.016423512250185013,199,0.43267303705215454,99,0.19566932320594788,173,1.8089433908462524,187,0.02558867819607258,107
yolox_s_dndata_748.txt_bs8_lr1e-04_07-22_19,199,0.9080076813697815,20,0.9312499761581421,197,0.9356435537338257,25,0.5613563656806946,20,1.0,38,0.5945945978164673,9,0.1348039209842682,41,1.0,10,0.23529411852359772,23,0.3125,34,1.0,117,0.375,13,0.5446620583534241,95,1.0,2,0.7307692170143127,63,0.682692289352417,22,1.0,162,0.75,17,0.6881442666053772,123,0.5603840351104736,52,0.009566525928676128,195,0.08236207067966461,26,2.051222872978542e-05,196,0.2680824398994446,195,0.0030722697265446186,190,0.4483153820037842,32,0.1836421936750412,12,1.6436654329299927,26,0.022705940529704094,32
yolox_m_dndata_393_s.txt_bs8_lr1e-04_07-24_00,199,0.8978519439697266,7,0.9666666388511658,174,0.9455445408821106,7,0.6036133170127869,8,1.0,23,0.7567567825317383,6,0.12876400351524353,9,1.0,15,0.2647058963775635,9,0.296875,22,1.0,43,0.375,14,0.5161349773406982,66,0.699999988079071,180,0.692307710647583,39,0.4261363744735718,39,1.0,112,0.625,18,0.7126272320747375,157,0.489493191242218,22,0.014184726402163506,172,0.08774622529745102,6,0.0003279060765635222,161,0.6009789109230042,172,0.007259995676577091,194,0.3642835021018982,39,0.2535848319530487,22,1.739672064781189,6,0.026054484769701958,9
yolox_s_dndata_389.txt_bs8_lr1e-04_07-22_10,199,0.8737983703613281,16,0.9096385836601257,65,0.9009901285171509,11,0.5330188274383545,16,1.0,14,0.5405405163764954,16,0.11861668527126312,23,0.75,26,0.1764705926179886,23,0.2083333432674408,69,1.0,21,0.25,17,0.5079922080039978,39,0.875,4,0.6538461446762085,39,0.4375,90,1.0,11,0.625,127,0.7246171236038208,21,0.4327104389667511,43,0.010146230459213257,196,0.08808733522891998,55,4.796755820279941e-05,142,0.28795650601387024,196,0.0031635058112442493,199,0.3749381899833679,43,0.29838821291923523,63,1.7532234191894531,43,0.025556446984410286,25
yolox_s_dndata_393_s.txt_bs8_lr1e-04_07-22_11,199,0.8353251814842224,17,0.9586777091026306,178,0.8663366436958313,32,0.4044899046421051,22,1.0,49,0.45945945382118225,22,0.1295626014471054,125,0.75,74,0.20588235557079315,125,0.25,13,1.0,11,0.25,12,0.5040292739868164,25,0.8181818127632141,10,0.6538461446762085,54,0.4598214328289032,122,0.75,104,0.75,30,0.608052670955658,81,0.4533746838569641,34,0.015488596633076668,194,0.09403721243143082,55,0.00023326833616010845,198,0.6390800476074219,175,0.006075761280953884,198,0.37511318922042847,34,0.34649839997291565,53,1.818825125694275,55,0.02655397355556488,32
yolox_s_dndata_553.txt_bs8_lr1e-04_07-22_12,199,0.8707734942436218,20,0.9216867685317993,159,0.9009901285171509,20,0.527896523475647,6,1.0,35,0.5675675868988037,6,0.2093425691127777,31,1.0,11,0.3235294222831726,31,0.125,10,0.5,137,0.25,30,0.5028773546218872,89,1.0,2,0.6538461446762085,55,0.4912280738353729,33,0.6666666865348816,117,0.625,15,0.7084177732467651,101,0.45666348934173584,29,0.008790699765086174,189,0.08177357912063599,28,3.160707274219021e-05,199,0.24301210045814514,189,0.0031372387893497944,198,0.3804457187652588,31,0.2335246056318283,69,1.6868200302124023,28,0.02602420188486576,33
yolox_m_dndata_556_s.txt_bs8_lr1e-04_07-24_01,199,0.9206619262695312,9,0.9627329111099243,110,0.9455445408821106,9,0.5771396160125732,4,1.0,12,0.5945945978164673,4,0.23190046846866608,28,1.0,3,0.2647058963775635,28,0.375,28,1.0,32,0.375,12,0.4935897886753082,29,0.6428571343421936,28,0.6538461446762085,59,0.4583333432674408,66,1.0,43,0.625,10,0.8500816822052002,178,0.46429628133773804,10,0.012273195199668407,179,0.07942470908164978,36,0.00020622980082407594,183,0.44459062814712524,197,0.005442827008664608,185,0.40982192754745483,29,0.17890006303787231,14,1.633179783821106,22,0.02317631244659424,9
yolox_s_dndata_556_s.txt_bs8_lr1e-04_07-22_12,199,0.8714697957038879,16,0.9276315569877625,95,0.9009901285171509,8,0.479830265045166,9,1.0,25,0.5405405163764954,8,0.19831933081150055,33,1.0,9,0.23529411852359772,33,0.25,29,1.0,47,0.25,10,0.4923451542854309,38,0.75,17,0.6153846383094788,75,0.6041666269302368,147,1.0,0,0.625,35,0.7646024227142334,159,0.4531153738498688,79,0.013951924629509449,199,0.0860377848148346,29,0.00018644053488969803,185,0.5053382515907288,188,0.00449518533423543,199,0.4100346267223358,34,0.1957714706659317,35,1.7494499683380127,39,0.02473224140703678,32
yolox_m_dndata_553.txt_bs8_lr1e-04_07-24_00,199,0.9087960124015808,3,0.9186046719551086,66,0.9306930899620056,3,0.5639303922653198,6,1.0,21,0.5945945978164673,3,0.15294116735458374,16,1.0,52,0.20588235557079315,16,0.25,90,1.0,34,0.25,69,0.4884456992149353,12,1.0,1,0.6153846383094788,12,0.625,67,1.0,78,0.875,24,0.7757142186164856,96,0.4840041399002075,24,0.008857241831719875,173,0.07835151255130768,31,3.146875314996578e-05,176,0.24270035326480865,173,0.0034966780804097652,178,0.4066615104675293,16,0.234565868973732,33,1.5953410863876343,14,0.024620557203888893,14
yolox_s_dndata_723_s.txt_bs8_lr1e-04_07-22_18,199,0.8871572017669678,25,0.9722222089767456,169,0.9108911156654358,10,0.4836415648460388,7,1.0,0,0.5135135054588318,4,0.13235294818878174,26,1.0,5,0.1764705926179886,29,0.125,31,1.0,35,0.25,14,0.4799145460128784,61,1.0,0,0.6153846383094788,66,0.6083333492279053,33,1.0,148,0.75,14,0.7610182166099548,35,0.46703100204467773,14,0.01130880881100893,180,0.0811600461602211,40,0.00015983435150701553,191,0.38103845715522766,178,0.004379349760711193,189,0.38933444023132324,40,0.16991117596626282,21,1.7016961574554443,40,0.025100218132138252,38
yolox_m_uaTrue_transformsTrue_dn(B10train.txt)_nc6_ep200_bs8_lr1e-04_wd5e-04_07-31_02,199,0.8726546764373779,11,0.9539473652839661,185,0.9455445408821106,11,0.23783783614635468,119,1.0,1,0.2432432472705841,5,0.11176470667123795,140,1.0,28,0.11764705926179886,140,0.0,0,0.0,0,0.0,0,0.4053254723548889,126,1.0,0,0.5,83,0.3125,30,1.0,25,0.5,27,0.6681881546974182,30,0.295238733291626,144,0.01491093635559082,198,0.09314413368701935,119,0.00014682799519505352,199,0.33343246579170227,198,0.005628170911222696,198,0.25219273567199707,30,0.3077571988105774,42,1.8490835428237915,197,0.026546018198132515,51
yolox_s_uaTrue_transformsTrue_dn(B10train.txt)_nc6_ep200_bs8_lr1e-04_wd5e-04_07-30_05,199,0.8835810422897339,25,0.9629629850387573,199,0.9207921028137207,25,0.1419067531824112,75,1.0,17,0.18918919563293457,75,0.1764705926179886,62,1.0,33,0.1764705926179886,62,0.0,0,0.0,0,0.0,0,0.37350428104400635,112,1.0,1,0.4615384638309479,109,0.25,65,1.0,7,0.25,21,0.7115209698677063,143,0.2685887813568115,62,0.01624012552201748,198,0.09566760808229446,189,0.00023257426801137626,197,0.35899388790130615,198,0.006923813838511705,199,0.24843049049377441,62,0.44670936465263367,86,1.827690601348877,189,0.029680714011192322,18
yolox_s_dnB10train.txt_bs8_lr1e-04_07-22_10,199,0.8534970283508301,57,0.9615384340286255,125,0.8811880946159363,12,0.054054055362939835,25,1.0,19,0.0810810774564743,31,0.0,0,0.0,0,0.0,0,0.0,0,0.0,0,0.0,0,0.22970086336135864,51,1.0,0,0.26923078298568726,51,0.0,0,0.0,0,0.0,0,0.4843462109565735,61,0.1883692592382431,51,0.01000493299216032,159,0.09482564777135849,52,2.464895987941418e-05,191,0.22429634630680084,159,0.0024351535830646753,187,0.17741231620311737,53,0.6475726366043091,197,1.785012125968933,52,0.030603010207414627,20
yolox_m_dnB10train.txt_bs8_lr1e-04_07-23_22,199,0.8778589367866516,13,0.9634146094322205,72,0.9158415794372559,13,0.07432432472705841,8,1.0,2,0.10810811072587967,21,0.0,0,0.0,0,0.0,0,0.0,0,0.0,0,0.0,0,0.19230768084526062,36,1.0,3,0.19230769574642181,36,0.0416666679084301,11,0.3333333432674408,11,0.125,11,0.5229095220565796,11,0.1830979883670807,21,0.008980555459856987,195,0.09308749437332153,21,4.561317109619267e-05,136,0.2016245275735855,195,0.00209047831594944,193,0.17397205531597137,21,0.6042262315750122,21,1.7106536626815796,50,0.02942909114062786,9
yolox_m_nopretrained_07-24_11,299,0.638266921043396,259,0.8235294222831726,34,0.7227723002433777,64,0.0810810849070549,49,1.0,37,0.13513512909412384,131,0.04901960864663124,87,1.0,75,0.0882352963089943,99,0.1666666716337204,134,1.0,62,0.25,134,0.14615385234355927,221,0.5,73,0.23076923191547394,243,0.125,76,1.0,231,0.125,73,0.536008894443512,282,0.19781088829040527,186,0.016787895932793617,284,0.15913967788219452,209,0.0004615963262040168,268,0.5178542733192444,284,0.01339376624673605,297,0.1652473509311676,204,0.31462639570236206,37,2.3569886684417725,288,0.033115312457084656,98
yolox_s_nopretrained_07-24_09,299,0.5926443934440613,292,1.0,42,0.6930692791938782,158,0.10810811072587967,102,1.0,46,0.13513512909412384,78,0.0882352963089943,217,1.0,102,0.0882352963089943,148,0.0,0,0.0,0,0.0,0,0.14615385234355927,204,0.375,268,0.1538461595773697,174,0.25,120,1.0,92,0.25,120,0.6574972867965698,265,0.19617050886154175,256,0.017132548615336418,286,0.16088621318340302,167,0.000620804843492806,290,0.5293418765068054,293,0.016791384667158127,286,0.156538724899292,256,0.42889028787612915,36,2.45650315284729,167,0.03818097710609436,149
yolox_m_uaTrue_transformsTrue_dn(s.txt)_nc6_ep200_bs8_lr1e-04_wd5e-04_07-31_03,199,0.47076866030693054,8,0.8153846263885498,187,0.5643564462661743,8,0.12039312720298767,128,0.4615384638309479,15,0.18918919563293457,92,0.014705882407724857,115,0.5,117,0.029411764815449715,111,0.0416666679084301,101,0.125,101,0.125,101,0.039835166186094284,188,0.07692307978868484,192,0.1538461595773697,92,0.06587837636470795,109,0.25,70,0.375,128,0.1771891862154007,117,0.16814614832401276,92,0.019519377499818802,199,0.15815573930740356,7,0.0032862070947885513,199,1.0970054864883423,199,0.019268754869699478,199,0.08910167217254639,7,1.7602893114089966,8,2.3231217861175537,7,0.041616179049015045,9
yolox_s_uaTrue_transformsTrue_dn(s.txt)_nc6_ep200_bs8_lr1e-04_wd5e-04_07-30_04,199,0.5122478008270264,49,0.8539325594902039,93,0.5891088843345642,49,0.09909910708665848,131,0.5,49,0.21621622145175934,33,0.014705882407724857,1,0.5,1,0.029411764815449715,1,0.0,0,0.0,0,0.0,0,0.03846153989434242,41,0.05128205195069313,26,0.1538461595773697,44,0.2083333432674408,45,0.1666666716337204,1,0.375,74,0.21604938805103302,1,0.16031208634376526,86,0.020013071596622467,199,0.23475618660449982,139,0.0016475571319460869,199,1.1147085428237915,199,0.01790250837802887,199,0.09855031222105026,49,1.5521999597549438,119,2.557788133621216,197,0.03908040374517441,35
yolox_m_dns.txt_bs8_lr1e-04_07-23_22,199,0.3810172975063324,23,0.8536585569381714,65,0.42574256658554077,9,0.036036036908626556,19,0.25,23,0.13513512909412384,3,0.0,0,0.0,0,0.0,0,0.0,0,0.0,0,0.0,0,0.01923076994717121,10,0.04109589010477066,8,0.11538461595773697,7,0.125,9,0.0833333358168602,1,0.25,13,0.16085916757583618,23,0.11465130746364594,13,0.015826279297471046,151,0.17370185256004333,42,0.0003979650209657848,167,0.9167302250862122,158,0.006741146557033062,160,0.08832745999097824,9,3.170559883117676,6,2.21596360206604,42,0.04366060718894005,17
yolox_s_dns.txt_bs8_lr1e-04_07-22_10,199,0.5230708718299866,0,0.8970588445663452,61,0.6534653306007385,0,0.05180180445313454,7,0.20000000298023224,6,0.1621621549129486,15,0.0,0,0.0,0,0.0,0,0.0,0,0.0,0,0.0,0,0.0028846156783401966,66,0.0234375,66,0.11538461595773697,66,0.0625,7,0.20000000298023224,4,0.125,3,0.1845141351222992,6,0.12692891061306,0,0.0180546585470438,199,0.19577674567699432,19,0.0004759625007864088,199,1.0050604343414307,164,0.0057922182604670525,199,0.08860848844051361,0,2.3394641876220703,1,2.346665859222412,61,0.04467522352933884,30