epoch,train_loss,val_loss,mAP,train_cls_loss,train_box_loss,train_obj_loss,val_cls_loss,val_box_loss,val_obj_loss
0,0.09360773390268579,"tensor(0.1126, device='cuda:0')","tensor(0.1288, device='cuda:0')",0.9403381943702698,1.8476670980453491,0.05485503003001213,0.36823582649230957,2.059739589691162,0.03521660715341568
1,0.062030597069465065,"tensor(0.0939, device='cuda:0')","tensor(0.2164, device='cuda:0')",0.3622593581676483,1.4651618003845215,0.04315505176782608,0.41907379031181335,1.8176345825195312,0.03301289305090904
2,0.05248244616257794,"tensor(0.0945, device='cuda:0')","tensor(0.2615, device='cuda:0')",0.22053875029087067,1.3089419603347778,0.03922677040100098,0.332871675491333,1.8409020900726318,0.032831598073244095
3,0.0451765169718248,"tensor(0.0899, device='cuda:0')","tensor(0.3070, device='cuda:0')",0.19167755544185638,1.1900489330291748,0.03733750805258751,0.2601582407951355,1.8078408241271973,0.02923683263361454
4,0.04084072556511006,"tensor(0.0898, device='cuda:0')","tensor(0.2759, device='cuda:0')",0.09991590678691864,1.1020537614822388,0.03441332280635834,0.3557044565677643,1.783766746520996,0.029103698208928108
5,0.04243917172939023,"tensor(0.0904, device='cuda:0')","tensor(0.3199, device='cuda:0')",0.1289229840040207,1.1191340684890747,0.03757039085030556,0.30266478657722473,1.8257942199707031,0.030905120074748993
6,0.04027159077882329,"tensor(0.0887, device='cuda:0')","tensor(0.2860, device='cuda:0')",0.06967124342918396,1.0272581577301025,0.03447362035512924,0.2955561876296997,1.8295809030532837,0.029698306694626808
7,0.038952760590130794,"tensor(0.0908, device='cuda:0')","tensor(0.3248, device='cuda:0')",0.14705175161361694,1.0594871044158936,0.03660151734948158,0.3880431056022644,1.7980679273605347,0.02861000970005989
8,0.03330519968756776,"tensor(0.0903, device='cuda:0')","tensor(0.3370, device='cuda:0')",0.07475471496582031,0.9491691589355469,0.03270573541522026,0.33633458614349365,1.7591131925582886,0.02811041846871376
9,0.03054183570887236,"tensor(0.0895, device='cuda:0')","tensor(0.3463, device='cuda:0')",0.10454456508159637,0.8715298771858215,0.030583199113607407,0.40803754329681396,1.7796926498413086,0.025700170546770096
10,0.03924145526252687,"tensor(0.0833, device='cuda:0')","tensor(0.3745, device='cuda:0')",0.1515297144651413,1.070271611213684,0.033178653568029404,0.3286517858505249,1.7559655904769897,0.028797153383493423
11,0.037468736347578024,"tensor(0.0820, device='cuda:0')","tensor(0.3831, device='cuda:0')",0.12127294391393661,1.0318466424942017,0.03025294840335846,0.27677738666534424,1.683570384979248,0.025698373094201088
12,0.034143525620867664,"tensor(0.0883, device='cuda:0')","tensor(0.3578, device='cuda:0')",0.08503358066082001,0.959689199924469,0.029458070173859596,0.3923691511154175,1.7889339923858643,0.027870310470461845
13,0.029991370040079346,"tensor(0.0814, device='cuda:0')","tensor(0.3490, device='cuda:0')",0.04151126369833946,0.8804364800453186,0.027546124532818794,0.2880679965019226,1.7060197591781616,0.02799021638929844
14,0.02825173987623523,"tensor(0.0835, device='cuda:0')","tensor(0.4279, device='cuda:0')",0.042514074593782425,0.8314449191093445,0.026194768026471138,0.21501551568508148,1.7062028646469116,0.025855351239442825
15,0.0255937201783287,"tensor(0.0825, device='cuda:0')","tensor(0.4559, device='cuda:0')",0.03222162649035454,0.773134708404541,0.02459467388689518,0.19453033804893494,1.6911128759384155,0.024425335228443146
16,0.024280304482732284,"tensor(0.0820, device='cuda:0')","tensor(0.3934, device='cuda:0')",0.01600680686533451,0.7359705567359924,0.023313244804739952,0.248215451836586,1.6788303852081299,0.0256420336663723
17,0.02432470241397181,"tensor(0.0853, device='cuda:0')","tensor(0.4398, device='cuda:0')",0.031856197863817215,0.7286535501480103,0.02349204011261463,0.25549808144569397,1.7100812196731567,0.02463974803686142
18,0.02323394874110818,"tensor(0.0843, device='cuda:0')","tensor(0.4568, device='cuda:0')",0.039215296506881714,0.7035642266273499,0.02295641228556633,0.2319304645061493,1.7040966749191284,0.024539487436413765
19,0.023741971099940095,"tensor(0.0917, device='cuda:0')","tensor(0.3242, device='cuda:0')",0.04507669433951378,0.7289713025093079,0.022687368094921112,0.7275792956352234,1.7836987972259521,0.02909931354224682
20,0.023634261301006463,"tensor(0.0858, device='cuda:0')","tensor(0.4302, device='cuda:0')",0.054014723747968674,0.7073096632957458,0.023008272051811218,0.2660016417503357,1.7213860750198364,0.025715414434671402
21,0.021692387458375272,"tensor(0.0835, device='cuda:0')","tensor(0.3832, device='cuda:0')",0.0162038654088974,0.6718934774398804,0.022164922207593918,0.24993593990802765,1.6872855424880981,0.02550782635807991
22,0.02143497421981438,"tensor(0.0828, device='cuda:0')","tensor(0.4018, device='cuda:0')",0.025654379278421402,0.6598297953605652,0.020069994032382965,0.23567648231983185,1.6939258575439453,0.02519514225423336
23,0.020531034014899942,"tensor(0.0832, device='cuda:0')","tensor(0.4774, device='cuda:0')",0.01251024566590786,0.6339308023452759,0.020290227606892586,0.20955723524093628,1.6797693967819214,0.024432459846138954
24,0.022777327233651543,"tensor(0.0880, device='cuda:0')","tensor(0.4252, device='cuda:0')",0.098253533244133,0.6812463998794556,0.02361973188817501,0.2665853798389435,1.750666856765747,0.025751661509275436
25,0.02103999535114888,"tensor(0.0847, device='cuda:0')","tensor(0.4582, device='cuda:0')",0.0337393544614315,0.6482547521591187,0.020364804193377495,0.20180556178092957,1.7275499105453491,0.025175709277391434
26,0.020712590796927756,"tensor(0.0794, device='cuda:0')","tensor(0.4426, device='cuda:0')",0.020718511193990707,0.6363303661346436,0.019479380920529366,0.1908474862575531,1.6744717359542847,0.02495456114411354
27,0.01960254852019716,"tensor(0.0835, device='cuda:0')","tensor(0.4324, device='cuda:0')",0.011179023422300816,0.6141149997711182,0.019124340265989304,0.22255107760429382,1.666367769241333,0.02577359415590763
28,0.018743352204396883,"tensor(0.0853, device='cuda:0')","tensor(0.4445, device='cuda:0')",0.007686261087656021,0.5899683237075806,0.01799444854259491,0.2442225068807602,1.706296443939209,0.02554542012512684
29,0.0186841595945332,"tensor(0.0831, device='cuda:0')","tensor(0.3915, device='cuda:0')",0.01635371521115303,0.5864024758338928,0.017747733741998672,0.23040561378002167,1.6877788305282593,0.027150198817253113
30,0.01772294517414754,"tensor(0.0844, device='cuda:0')","tensor(0.4736, device='cuda:0')",0.029726603999733925,0.5627280473709106,0.01845787651836872,0.2209191471338272,1.7046006917953491,0.025865763425827026
31,0.017538663581945002,"tensor(0.0830, device='cuda:0')","tensor(0.4590, device='cuda:0')",0.01418728195130825,0.5596097707748413,0.017314011231064796,0.2245301902294159,1.701932430267334,0.025078287348151207
32,0.017630944754380512,"tensor(0.0841, device='cuda:0')","tensor(0.4550, device='cuda:0')",0.050390906631946564,0.5578067898750305,0.01791945844888687,0.2159295678138733,1.7200582027435303,0.025352273136377335
33,0.017745290020042482,"tensor(0.0859, device='cuda:0')","tensor(0.4943, device='cuda:0')",0.01813424937427044,0.5552324056625366,0.0166336502879858,0.24041756987571716,1.715564250946045,0.024405721575021744
34,0.018440744723193347,"tensor(0.0827, device='cuda:0')","tensor(0.4387, device='cuda:0')",0.00978183839470148,0.5752485394477844,0.016652332618832588,0.21670936048030853,1.6904677152633667,0.026134956628084183
35,0.017957682604901493,"tensor(0.0836, device='cuda:0')","tensor(0.4577, device='cuda:0')",0.018124163150787354,0.572226345539093,0.01826310157775879,0.2439923733472824,1.6864850521087646,0.02646121010184288
36,0.01687548357500311,"tensor(0.0854, device='cuda:0')","tensor(0.4686, device='cuda:0')",0.007191807497292757,0.5369821786880493,0.016334401443600655,0.286345899105072,1.701145887374878,0.02653353661298752
37,0.01673078309977427,"tensor(0.0856, device='cuda:0')","tensor(0.3930, device='cuda:0')",0.006396774668246508,0.5306738615036011,0.01537580881267786,0.4659392237663269,1.7071456909179688,0.026955675333738327
38,0.01648164650096613,"tensor(0.0863, device='cuda:0')","tensor(0.4457, device='cuda:0')",0.004094311501830816,0.5164656043052673,0.0152420774102211,0.29142510890960693,1.7391942739486694,0.02654765546321869
39,0.01737021298654059,"tensor(0.0842, device='cuda:0')","tensor(0.4422, device='cuda:0')",0.0029806329403072596,0.5607314109802246,0.016439585015177727,0.30438554286956787,1.685964822769165,0.027792053297162056
40,0.015331175752662067,"tensor(0.0870, device='cuda:0')","tensor(0.4547, device='cuda:0')",0.002177197253331542,0.5030665993690491,0.015422447584569454,0.27386999130249023,1.7351770401000977,0.027017541229724884
41,0.014986902279441197,"tensor(0.0838, device='cuda:0')","tensor(0.4451, device='cuda:0')",0.0022520788479596376,0.4881267547607422,0.014682451263070107,0.2524464726448059,1.6930699348449707,0.026891428977251053
42,0.01541135019814486,"tensor(0.0857, device='cuda:0')","tensor(0.4148, device='cuda:0')",0.0019490800332278013,0.48674991726875305,0.014168866910040379,0.32619935274124146,1.7108536958694458,0.02742808684706688
43,0.019244570469976786,"tensor(0.0921, device='cuda:0')","tensor(0.3729, device='cuda:0')",0.10647089034318924,0.5941615700721741,0.0212621558457613,0.3475896418094635,1.7591756582260132,0.03133855015039444
44,0.0182533140605836,"tensor(0.0865, device='cuda:0')","tensor(0.3877, device='cuda:0')",0.07637280225753784,0.5647509098052979,0.019214745610952377,0.2513328194618225,1.7452352046966553,0.03131641820073128
45,0.017409142380689874,"tensor(0.0868, device='cuda:0')","tensor(0.4200, device='cuda:0')",0.07338505983352661,0.5414795875549316,0.01931089535355568,0.2835887670516968,1.723518967628479,0.0258102398365736
46,0.01630336433128618,"tensor(0.0837, device='cuda:0')","tensor(0.4239, device='cuda:0')",0.015215539373457432,0.5236484408378601,0.016420701518654823,0.30376794934272766,1.7008010149002075,0.027315380051732063
47,0.016878094373490003,"tensor(0.0896, device='cuda:0')","tensor(0.3743, device='cuda:0')",0.005326733458787203,0.5288240313529968,0.016042061150074005,0.3147711455821991,1.753691554069519,0.028526198118925095
48,0.01571571612593663,"tensor(0.0892, device='cuda:0')","tensor(0.4039, device='cuda:0')",0.0037752140779048204,0.4888962507247925,0.014455098658800125,0.2978288233280182,1.7562763690948486,0.028678540140390396
49,0.01771974374594934,"tensor(0.0872, device='cuda:0')","tensor(0.3616, device='cuda:0')",0.01358844805508852,0.5637142062187195,0.016855381429195404,0.28059664368629456,1.71933114528656,0.029845060780644417
50,0.015133295441046357,"tensor(0.0851, device='cuda:0')","tensor(0.4213, device='cuda:0')",0.005210402887314558,0.4895733594894409,0.014767114073038101,0.28840774297714233,1.7134394645690918,0.028350096195936203
51,0.01623131685397204,"tensor(0.0891, device='cuda:0')","tensor(0.3838, device='cuda:0')",0.0075429282151162624,0.47598928213119507,0.013789654709398746,0.2798997461795807,1.7711095809936523,0.03279614821076393
52,0.0234942313776735,"tensor(0.0887, device='cuda:0')","tensor(0.3890, device='cuda:0')",0.16556648910045624,0.6895040273666382,0.026592789217829704,0.2585306763648987,1.7738559246063232,0.029384182766079903
53,0.018455808167345822,"tensor(0.0896, device='cuda:0')","tensor(0.3726, device='cuda:0')",0.058881718665361404,0.5744917988777161,0.018953999504446983,0.2287997305393219,1.7732573747634888,0.030017435550689697
54,0.01617310638539493,"tensor(0.0857, device='cuda:0')","tensor(0.4236, device='cuda:0')",0.015303023159503937,0.5160136222839355,0.016897136345505714,0.2899443507194519,1.7179265022277832,0.02871081605553627
55,0.013868517619009842,"tensor(0.0851, device='cuda:0')","tensor(0.4026, device='cuda:0')",0.006986013147979975,0.45055609941482544,0.014656061306595802,0.29890334606170654,1.7038943767547607,0.030823208391666412
56,0.01417365886257304,"tensor(0.0908, device='cuda:0')","tensor(0.4329, device='cuda:0')",0.004491826985031366,0.4616509974002838,0.014345715753734112,0.29989999532699585,1.7485315799713135,0.028500115498900414
57,0.0133618933340425,"tensor(0.0858, device='cuda:0')","tensor(0.4192, device='cuda:0')",0.008730947971343994,0.4309442639350891,0.013875526376068592,0.24300268292427063,1.6925089359283447,0.028486495837569237
58,0.014401204818996656,"tensor(0.0879, device='cuda:0')","tensor(0.4416, device='cuda:0')",0.00276770512573421,0.46476319432258606,0.013812827877700329,0.27122339606285095,1.71688973903656,0.02891375496983528
59,0.012981356347582358,"tensor(0.0851, device='cuda:0')","tensor(0.4248, device='cuda:0')",0.0018501271260902286,0.4254337549209595,0.012912143021821976,0.24650999903678894,1.691160798072815,0.02926572971045971
60,0.01349489641827805,"tensor(0.0886, device='cuda:0')","tensor(0.4555, device='cuda:0')",0.0011108489707112312,0.4354727566242218,0.012901979498565197,0.3170124888420105,1.7017388343811035,0.028623385354876518
61,0.013408983934341985,"tensor(0.0885, device='cuda:0')","tensor(0.4187, device='cuda:0')",0.0030104464385658503,0.4392194151878357,0.013109296560287476,0.2755008935928345,1.7167789936065674,0.030148839578032494
62,0.01257395138279261,"tensor(0.0867, device='cuda:0')","tensor(0.3940, device='cuda:0')",0.00265013100579381,0.40750741958618164,0.012320457957684994,0.2565058767795563,1.699336051940918,0.028739899396896362
63,0.01272871668505318,"tensor(0.0883, device='cuda:0')","tensor(0.3530, device='cuda:0')",0.0015268182614818215,0.41416704654693604,0.011607478372752666,0.3153693675994873,1.715526819229126,0.031506020575761795
64,0.012306616621037178,"tensor(0.0887, device='cuda:0')","tensor(0.3932, device='cuda:0')",0.0009969982784241438,0.4035731852054596,0.01162722148001194,0.31914153695106506,1.6991069316864014,0.030479254201054573
65,0.01211482341236928,"tensor(0.0887, device='cuda:0')","tensor(0.3721, device='cuda:0')",0.0010254012886434793,0.39139074087142944,0.01154255960136652,0.32440876960754395,1.7067344188690186,0.031197907403111458
66,0.01233047093196279,"tensor(0.0863, device='cuda:0')","tensor(0.3333, device='cuda:0')",0.0009655538597144186,0.4033683240413666,0.011318878270685673,0.28876999020576477,1.7319362163543701,0.03217343986034393
67,0.01253304972915965,"tensor(0.0888, device='cuda:0')","tensor(0.3481, device='cuda:0')",0.0009639911586418748,0.4059234857559204,0.01104140467941761,0.29185014963150024,1.7298190593719482,0.03420282155275345
68,0.012368184685542741,"tensor(0.0881, device='cuda:0')","tensor(0.3483, device='cuda:0')",0.0038258114363998175,0.3982248604297638,0.010731304995715618,0.38564351201057434,1.7355751991271973,0.035434894263744354
69,0.014777971732923213,"tensor(0.0870, device='cuda:0')","tensor(0.3583, device='cuda:0')",0.11508572846651077,0.45984598994255066,0.014604192227125168,0.29836636781692505,1.7257100343704224,0.03210710361599922
70,0.013230729206069929,"tensor(0.0846, device='cuda:0')","tensor(0.3584, device='cuda:0')",0.06571997702121735,0.4245551526546478,0.01319213304668665,0.2786458134651184,1.6958593130111694,0.03326801955699921
71,0.012970226375139593,"tensor(0.0899, device='cuda:0')","tensor(0.3989, device='cuda:0')",0.05054954066872597,0.40814217925071716,0.012415662407875061,0.22699573636054993,1.748649001121521,0.028632720932364464
72,0.01368611621643033,"tensor(0.0875, device='cuda:0')","tensor(0.4083, device='cuda:0')",0.026037825271487236,0.4400036334991455,0.01222872082144022,0.31787940859794617,1.737401008605957,0.029697561636567116
73,0.012972111971227123,"tensor(0.0896, device='cuda:0')","tensor(0.3270, device='cuda:0')",0.014121903106570244,0.41975685954093933,0.011899654753506184,0.30728891491889954,1.710582971572876,0.03629801422357559
74,0.012993735583115588,"tensor(0.0891, device='cuda:0')","tensor(0.4069, device='cuda:0')",0.003855939721688628,0.4238961935043335,0.011284024454653263,0.2797815203666687,1.7139745950698853,0.03160905838012695
75,0.011855251731022316,"tensor(0.0861, device='cuda:0')","tensor(0.3633, device='cuda:0')",0.0016085206298157573,0.3922112286090851,0.010551358573138714,0.24783852696418762,1.7042545080184937,0.03362523019313812
76,0.01132487262443379,"tensor(0.0855, device='cuda:0')","tensor(0.3773, device='cuda:0')",0.0028881526086479425,0.3777550458908081,0.010502313263714314,0.23629361391067505,1.696286916732788,0.03257562965154648
77,0.011439369190210366,"tensor(0.0877, device='cuda:0')","tensor(0.3690, device='cuda:0')",0.002034587785601616,0.3759448826313019,0.012320166453719139,0.30171436071395874,1.723217248916626,0.0330563448369503
78,0.011481900124208015,"tensor(0.0856, device='cuda:0')","tensor(0.3816, device='cuda:0')",0.0009837017860263586,0.38101261854171753,0.009967414662241936,0.2783973217010498,1.7111059427261353,0.034840021282434464
79,0.012172943713855655,"tensor(0.0872, device='cuda:0')","tensor(0.3456, device='cuda:0')",0.0011117331450805068,0.38939476013183594,0.010076404549181461,0.21082907915115356,1.732417345046997,0.0343049094080925
80,0.012668295441578855,"tensor(0.0866, device='cuda:0')","tensor(0.3125, device='cuda:0')",0.035806987434625626,0.40805384516716003,0.010409610345959663,0.20711354911327362,1.7162781953811646,0.037840019911527634
81,0.011780049632119805,"tensor(0.0897, device='cuda:0')","tensor(0.3599, device='cuda:0')",0.004705943167209625,0.3910049796104431,0.010061047971248627,0.28524866700172424,1.736800193786621,0.03775249049067497
82,0.011513614492929158,"tensor(0.0878, device='cuda:0')","tensor(0.3849, device='cuda:0')",0.0019323569722473621,0.3748326897621155,0.009702557697892189,0.25455236434936523,1.7166904211044312,0.03708098083734512
83,0.012100819196134312,"tensor(0.0896, device='cuda:0')","tensor(0.3377, device='cuda:0')",0.0023824742529541254,0.3989337384700775,0.00982722733169794,0.2721370756626129,1.7309011220932007,0.04199697822332382
84,0.01165778873323956,"tensor(0.0920, device='cuda:0')","tensor(0.3317, device='cuda:0')",0.0009454315877519548,0.3809870779514313,0.010844518430531025,0.3223058581352234,1.7665081024169922,0.038271449506282806
85,0.011438069115255904,"tensor(0.0855, device='cuda:0')","tensor(0.3589, device='cuda:0')",0.0022069676779210567,0.37899449467658997,0.009682415053248405,0.2480114996433258,1.7198395729064941,0.036718327552080154
86,0.01158907957990189,"tensor(0.0885, device='cuda:0')","tensor(0.3392, device='cuda:0')",0.029369855299592018,0.3784509003162384,0.010262485593557358,0.27159491181373596,1.7431087493896484,0.036458760499954224
87,0.011031220747527722,"tensor(0.0864, device='cuda:0')","tensor(0.3365, device='cuda:0')",0.0031869830563664436,0.36856627464294434,0.009453068487346172,0.24103669822216034,1.7185477018356323,0.0374816469848156
88,0.011324298250482409,"tensor(0.0916, device='cuda:0')","tensor(0.3455, device='cuda:0')",0.0014978810213506222,0.3713892698287964,0.009475870057940483,0.27199533581733704,1.7525970935821533,0.03562353178858757
89,0.0112957949818605,"tensor(0.0874, device='cuda:0')","tensor(0.3444, device='cuda:0')",0.007277478463947773,0.36704200506210327,0.009185070171952248,0.25238776206970215,1.740099549293518,0.04063258692622185
90,0.01178716600064517,"tensor(0.0878, device='cuda:0')","tensor(0.3363, device='cuda:0')",0.01872691884636879,0.38107576966285706,0.009619723074138165,0.2878296375274658,1.724757432937622,0.03709056228399277
91,0.01154488482964499,"tensor(0.0885, device='cuda:0')","tensor(0.3861, device='cuda:0')",0.0018069945508614182,0.3800373077392578,0.009214936755597591,0.2582993507385254,1.752746820449829,0.03713366761803627
92,0.011345059679382864,"tensor(0.0887, device='cuda:0')","tensor(0.3507, device='cuda:0')",0.0027534938417375088,0.37525811791419983,0.009181100875139236,0.3004739284515381,1.7558897733688354,0.03730160370469093
93,0.011344387250788072,"tensor(0.0915, device='cuda:0')","tensor(0.3594, device='cuda:0')",0.0012117421720176935,0.3719446659088135,0.008928252384066582,0.30436015129089355,1.7441411018371582,0.040718428790569305
94,0.011796445657690877,"tensor(0.0882, device='cuda:0')","tensor(0.3096, device='cuda:0')",0.0008600332657806575,0.3868628442287445,0.009398041293025017,0.28691208362579346,1.739310383796692,0.039087142795324326
95,0.01116460348438362,"tensor(0.0880, device='cuda:0')","tensor(0.3797, device='cuda:0')",0.0006868020864203572,0.3642553389072418,0.008984101936221123,0.21783486008644104,1.7432562112808228,0.03636990487575531
96,0.01212076991385616,"tensor(0.0877, device='cuda:0')","tensor(0.3538, device='cuda:0')",0.001038024784065783,0.3893163204193115,0.009337413124740124,0.3045909106731415,1.7502338886260986,0.03813338652253151
97,0.01315301819019677,"tensor(0.0905, device='cuda:0')","tensor(0.3177, device='cuda:0')",0.07613552361726761,0.4057556092739105,0.011233143508434296,0.39293453097343445,1.7646058797836304,0.0397622175514698
98,0.013231996857725522,"tensor(0.0920, device='cuda:0')","tensor(0.3519, device='cuda:0')",0.10085386037826538,0.41750311851501465,0.012554146349430084,0.40708673000335693,1.7784029245376587,0.03609536215662956
99,0.013431046195739113,"tensor(0.0872, device='cuda:0')","tensor(0.3919, device='cuda:0')",0.04024679586291313,0.42959660291671753,0.01298548560589552,0.24662625789642334,1.7427247762680054,0.03727263957262039
100,0.01240812350913663,"tensor(0.0858, device='cuda:0')","tensor(0.3564, device='cuda:0')",0.008843299932777882,0.4053249657154083,0.011017285287380219,0.20450598001480103,1.7225443124771118,0.03672652691602707
101,0.011011815814794424,"tensor(0.0879, device='cuda:0')","tensor(0.3551, device='cuda:0')",0.0023423410020768642,0.3549569249153137,0.010186702944338322,0.23763541877269745,1.7529982328414917,0.0423254556953907
102,0.012247827366295764,"tensor(0.0872, device='cuda:0')","tensor(0.3822, device='cuda:0')",0.0016042316565290093,0.3943443298339844,0.010028430260717869,0.24408406019210815,1.7386325597763062,0.04314412921667099
103,0.010633562629878083,"tensor(0.0850, device='cuda:0')","tensor(0.3325, device='cuda:0')",0.001271434361115098,0.3533942997455597,0.008844911120831966,0.25844043493270874,1.7241946458816528,0.03987167030572891
104,0.010199210894544355,"tensor(0.0873, device='cuda:0')","tensor(0.3360, device='cuda:0')",0.0018995936261489987,0.34149256348609924,0.008558513596653938,0.2829585075378418,1.7251145839691162,0.03866497427225113
105,0.010168872140210998,"tensor(0.0860, device='cuda:0')","tensor(0.3268, device='cuda:0')",0.0007332576788030565,0.33552882075309753,0.008054705336689949,0.2627682387828827,1.705735683441162,0.04134168475866318
106,0.01028865498408456,"tensor(0.0865, device='cuda:0')","tensor(0.3402, device='cuda:0')",0.000718581723049283,0.33375898003578186,0.007892189547419548,0.23996587097644806,1.7294986248016357,0.04028376564383507
107,0.011450545626062462,"tensor(0.0860, device='cuda:0')","tensor(0.3334, device='cuda:0')",0.0008467197185382247,0.3551471531391144,0.008126125670969486,0.224261075258255,1.7166951894760132,0.039208218455314636
108,0.014858233701328145,"tensor(0.0874, device='cuda:0')","tensor(0.3823, device='cuda:0')",0.031202789396047592,0.47686004638671875,0.018237106502056122,0.2201698273420334,1.732392430305481,0.03515951707959175
109,0.01389466059010695,"tensor(0.0903, device='cuda:0')","tensor(0.3223, device='cuda:0')",0.06940055638551712,0.4337814450263977,0.014164265245199203,0.20433910191059113,1.729797601699829,0.04004506766796112
110,0.011088160363108139,"tensor(0.0907, device='cuda:0')","tensor(0.3210, device='cuda:0')",0.006492928601801395,0.3622795045375824,0.010228925384581089,0.2112865298986435,1.7677159309387207,0.039892662316560745
111,0.00999066638006993,"tensor(0.0887, device='cuda:0')","tensor(0.3761, device='cuda:0')",0.004207391757518053,0.330575555562973,0.009396289475262165,0.2541041672229767,1.7492846250534058,0.038469284772872925
112,0.009781832375344546,"tensor(0.0885, device='cuda:0')","tensor(0.3771, device='cuda:0')",0.022240085527300835,0.31838005781173706,0.008761003613471985,0.27046412229537964,1.7478399276733398,0.03930186107754707
113,0.009416324469973059,"tensor(0.0906, device='cuda:0')","tensor(0.3438, device='cuda:0')",0.0038592482451349497,0.31456461548805237,0.008622216060757637,0.25096091628074646,1.7359440326690674,0.04017186537384987
114,0.00930254879708895,"tensor(0.0893, device='cuda:0')","tensor(0.3684, device='cuda:0')",0.0012186734238639474,0.30759933590888977,0.008123809471726418,0.22852399945259094,1.7660871744155884,0.03879760205745697
115,0.009920156495782602,"tensor(0.0891, device='cuda:0')","tensor(0.3623, device='cuda:0')",0.0010212232591584325,0.31565797328948975,0.007812005467712879,0.2501681447029114,1.7696409225463867,0.03934699669480324
116,0.012870412905399194,"tensor(0.0893, device='cuda:0')","tensor(0.3564, device='cuda:0')",0.004038888029754162,0.410835862159729,0.01388503611087799,0.2428608238697052,1.781032919883728,0.03701953589916229
117,0.010039994969060096,"tensor(0.0890, device='cuda:0')","tensor(0.3774, device='cuda:0')",0.0011909583117812872,0.32941657304763794,0.009660014882683754,0.2379298359155655,1.7653107643127441,0.037128277122974396
118,0.009789624727358493,"tensor(0.0882, device='cuda:0')","tensor(0.4049, device='cuda:0')",0.0004996999632567167,0.3219749927520752,0.008891704492270947,0.24654987454414368,1.7695915699005127,0.0379999540746212
119,0.010002369989438997,"tensor(0.0877, device='cuda:0')","tensor(0.4083, device='cuda:0')",0.00041094163316302,0.3312949538230896,0.008686994202435017,0.29169127345085144,1.7438185214996338,0.03659944236278534
120,0.00936343623256749,"tensor(0.0901, device='cuda:0')","tensor(0.3253, device='cuda:0')",0.0005360021023079753,0.30909276008605957,0.008423710241913795,0.2159489095211029,1.777026891708374,0.04037598520517349
121,0.009429200661971289,"tensor(0.0926, device='cuda:0')","tensor(0.3871, device='cuda:0')",0.006607716903090477,0.31481340527534485,0.008568393997848034,0.26993128657341003,1.7691771984100342,0.038346368819475174
122,0.00915776937857599,"tensor(0.0882, device='cuda:0')","tensor(0.3268, device='cuda:0')",0.0014637866988778114,0.30606237053871155,0.008023248985409737,0.27127882838249207,1.743965744972229,0.040868084877729416
123,0.009165772755837305,"tensor(0.0894, device='cuda:0')","tensor(0.3774, device='cuda:0')",0.006593578495085239,0.30936819314956665,0.007938380353152752,0.26026010513305664,1.7589448690414429,0.03734748438000679
124,0.009258714583291508,"tensor(0.0877, device='cuda:0')","tensor(0.3485, device='cuda:0')",0.0015799803659319878,0.3048960566520691,0.00760347256436944,0.2593792676925659,1.7257241010665894,0.03742606192827225
125,0.010499024616472204,"tensor(0.0894, device='cuda:0')","tensor(0.2968, device='cuda:0')",0.0012672982411459088,0.348154753446579,0.008013971149921417,0.24468404054641724,1.7533096075057983,0.04675203189253807
126,0.01067250081242117,"tensor(0.0889, device='cuda:0')","tensor(0.3724, device='cuda:0')",0.0019615390338003635,0.3548409044742584,0.010283797979354858,0.27870112657546997,1.7365049123764038,0.03903486579656601
127,0.010047341279192445,"tensor(0.0882, device='cuda:0')","tensor(0.3740, device='cuda:0')",0.0030926410108804703,0.33539751172065735,0.00976141169667244,0.24634581804275513,1.7475827932357788,0.03978315368294716
128,0.009890879196010408,"tensor(0.0891, device='cuda:0')","tensor(0.2897, device='cuda:0')",0.0006252957973629236,0.3296518623828888,0.00845358707010746,0.2611195743083954,1.7677905559539795,0.042141228914260864
129,0.009354493907962665,"tensor(0.0884, device='cuda:0')","tensor(0.3388, device='cuda:0')",0.0002577248669695109,0.31486621499061584,0.007776756305247545,0.26915571093559265,1.7351962327957153,0.04084379971027374
130,0.009085414989385754,"tensor(0.0893, device='cuda:0')","tensor(0.3573, device='cuda:0')",0.000362056540325284,0.30293959379196167,0.008009129203855991,0.30276450514793396,1.748897910118103,0.03977357968688011
131,0.009209137143711011,"tensor(0.0881, device='cuda:0')","tensor(0.3063, device='cuda:0')",0.0004627914458978921,0.31074097752571106,0.007605728227645159,0.3353627324104309,1.7181440591812134,0.04275069758296013
132,0.009337910338003626,"tensor(0.0897, device='cuda:0')","tensor(0.4054, device='cuda:0')",0.000590821320656687,0.30810898542404175,0.008861147798597813,0.3111247420310974,1.738106369972229,0.0384083017706871
133,0.009346372949755063,"tensor(0.0891, device='cuda:0')","tensor(0.3702, device='cuda:0')",0.0006973855779506266,0.31022539734840393,0.007558498997241259,0.3126271367073059,1.739012598991394,0.043794501572847366
134,0.00902014844263356,"tensor(0.0904, device='cuda:0')","tensor(0.3062, device='cuda:0')",0.00022375122352968901,0.296895295381546,0.0071832407265901566,0.29827141761779785,1.745765209197998,0.0404752679169178
135,0.009189937232911368,"tensor(0.0919, device='cuda:0')","tensor(0.3704, device='cuda:0')",0.002754030516371131,0.2970394194126129,0.007140148431062698,0.2823035418987274,1.7566614151000977,0.03917107358574867
136,0.009095228414106019,"tensor(0.0892, device='cuda:0')","tensor(0.3357, device='cuda:0')",0.0004141525714658201,0.3040321171283722,0.007178875617682934,0.38418376445770264,1.743902325630188,0.04160585254430771
137,0.009126431245343103,"tensor(0.0898, device='cuda:0')","tensor(0.2988, device='cuda:0')",0.0004454640147741884,0.30104583501815796,0.00698423758149147,0.29463163018226624,1.7626477479934692,0.04340122267603874
138,0.009971953466233304,"tensor(0.0903, device='cuda:0')","tensor(0.3317, device='cuda:0')",0.00023794305161572993,0.33067771792411804,0.007666361518204212,0.3751852512359619,1.7701759338378906,0.04241755232214928
139,0.008743135553017697,"tensor(0.0923, device='cuda:0')","tensor(0.3339, device='cuda:0')",0.00017863935499917716,0.294263631105423,0.006962170358747244,0.3043127954006195,1.7863973379135132,0.044626809656620026
140,0.009471755663124734,"tensor(0.0907, device='cuda:0')","tensor(0.3236, device='cuda:0')",0.0004542911483440548,0.3109273314476013,0.00684046046808362,0.30348917841911316,1.7768157720565796,0.04530731588602066
141,0.009262139107758069,"tensor(0.0866, device='cuda:0')","tensor(0.3699, device='cuda:0')",0.00022727985924575478,0.30595695972442627,0.006728191394358873,0.324872761964798,1.7112878561019897,0.038949739187955856
142,0.009754075254450607,"tensor(0.0891, device='cuda:0')","tensor(0.2766, device='cuda:0')",0.0004012103017885238,0.31740322709083557,0.006979024037718773,0.307758629322052,1.7388139963150024,0.04371632635593414
143,0.00963852837038062,"tensor(0.0891, device='cuda:0')","tensor(0.3386, device='cuda:0')",0.0005324212834239006,0.31594914197921753,0.0069861882366240025,0.3774745464324951,1.7343542575836182,0.040323276072740555
144,0.009665895328747438,"tensor(0.0900, device='cuda:0')","tensor(0.2943, device='cuda:0')",0.002907782793045044,0.32012781500816345,0.007193183060735464,0.3621760606765747,1.7576682567596436,0.04316703602671623
145,0.009905624829972273,"tensor(0.0889, device='cuda:0')","tensor(0.3033, device='cuda:0')",0.03617892041802406,0.32058849930763245,0.008175622671842575,0.2924225628376007,1.7427539825439453,0.04570905864238739
146,0.009086269924891359,"tensor(0.0893, device='cuda:0')","tensor(0.3071, device='cuda:0')",0.02964169904589653,0.2998710572719574,0.00771226966753602,0.3348988890647888,1.7328405380249023,0.0426519438624382
147,0.009346389691071474,"tensor(0.0906, device='cuda:0')","tensor(0.3052, device='cuda:0')",0.025080451741814613,0.3042276203632355,0.007625248748809099,0.28391778469085693,1.7545477151870728,0.043630652129650116
148,0.010412924169727108,"tensor(0.0900, device='cuda:0')","tensor(0.3165, device='cuda:0')",0.10587375611066818,0.32029831409454346,0.008779718540608883,0.29568010568618774,1.7598543167114258,0.04583696648478508
149,0.011239540102371178,"tensor(0.0926, device='cuda:0')","tensor(0.2885, device='cuda:0')",0.021458977833390236,0.36302173137664795,0.0089560030028224,0.2822491228580475,1.7933262586593628,0.04412596672773361
150,0.01008684525389553,"tensor(0.0904, device='cuda:0')","tensor(0.3120, device='cuda:0')",0.009811840951442719,0.33038172125816345,0.008988454006612301,0.2818416357040405,1.7507195472717285,0.04357992857694626
151,0.008862418926368906,"tensor(0.0918, device='cuda:0')","tensor(0.3337, device='cuda:0')",0.004404289647936821,0.2998237609863281,0.007539382670074701,0.31414300203323364,1.7766565084457397,0.041647497564554214
152,0.008298662751365234,"tensor(0.0897, device='cuda:0')","tensor(0.3220, device='cuda:0')",0.0017581074498593807,0.2799604833126068,0.007284407503902912,0.3287462294101715,1.7479143142700195,0.04408654570579529
153,0.00825606353631723,"tensor(0.0880, device='cuda:0')","tensor(0.3160, device='cuda:0')",0.0012444253079593182,0.2776406407356262,0.006538774352520704,0.27666038274765015,1.7363734245300293,0.043838515877723694
154,0.008290535219095866,"tensor(0.0902, device='cuda:0')","tensor(0.3007, device='cuda:0')",0.000855624966789037,0.2762758433818817,0.006292062811553478,0.28286948800086975,1.7608765363693237,0.04388485476374626
155,0.008335141619146965,"tensor(0.0888, device='cuda:0')","tensor(0.2621, device='cuda:0')",0.0006261979578994215,0.28077760338783264,0.006312163546681404,0.2889234125614166,1.7496203184127808,0.04815930128097534
156,0.008520281123791766,"tensor(0.0893, device='cuda:0')","tensor(0.3184, device='cuda:0')",0.0005189466755837202,0.2827386260032654,0.006011847872287035,0.2732979953289032,1.7677510976791382,0.04293781891465187
157,0.008223132658338942,"tensor(0.0890, device='cuda:0')","tensor(0.2607, device='cuda:0')",0.0004242883005645126,0.2749336361885071,0.006024792790412903,0.26256534457206726,1.7353639602661133,0.04625377431511879
158,0.009268791240174323,"tensor(0.0894, device='cuda:0')","tensor(0.3208, device='cuda:0')",0.0007068717386573553,0.3013025224208832,0.006442802958190441,0.24798272550106049,1.7448222637176514,0.04289548844099045
159,0.009737538588096332,"tensor(0.0885, device='cuda:0')","tensor(0.3202, device='cuda:0')",0.00042565318290144205,0.31737974286079407,0.006330860313028097,0.23530995845794678,1.739502191543579,0.0415334552526474
160,0.009702393665279755,"tensor(0.0904, device='cuda:0')","tensor(0.3096, device='cuda:0')",0.0004837310407310724,0.3194708228111267,0.007469566538929939,0.25007164478302,1.7678449153900146,0.04247709736227989
161,0.008839648862383054,"tensor(0.0893, device='cuda:0')","tensor(0.2844, device='cuda:0')",0.0005059446557424963,0.29859864711761475,0.006904323119670153,0.28800898790359497,1.7430851459503174,0.044452451169490814
162,0.008491312314564473,"tensor(0.0886, device='cuda:0')","tensor(0.2917, device='cuda:0')",0.0004058603662997484,0.2812455892562866,0.0061685191467404366,0.2573469579219818,1.7432057857513428,0.04332951828837395
163,0.009301786631112918,"tensor(0.0907, device='cuda:0')","tensor(0.3049, device='cuda:0')",0.0005714560975320637,0.28810715675354004,0.006069259252399206,0.2925668954849243,1.7547441720962524,0.04187087342143059
164,0.01215944771641208,"tensor(0.0887, device='cuda:0')","tensor(0.2739, device='cuda:0')",0.08854266256093979,0.38444188237190247,0.014200324192643166,0.35087934136390686,1.750646948814392,0.05059245973825455
165,0.009661892124259955,"tensor(0.0871, device='cuda:0')","tensor(0.3486, device='cuda:0')",0.012397396378219128,0.31584998965263367,0.008742326870560646,0.24199354648590088,1.7395480871200562,0.0399833545088768
166,0.008724027272204267,"tensor(0.0894, device='cuda:0')","tensor(0.3415, device='cuda:0')",0.024309027940034866,0.28616809844970703,0.007417968939989805,0.2816629111766815,1.7556252479553223,0.040655359625816345
167,0.007987159257615584,"tensor(0.0884, device='cuda:0')","tensor(0.3207, device='cuda:0')",0.0009154504514299333,0.26984989643096924,0.006670017261058092,0.2792064845561981,1.7343195676803589,0.04296685755252838
168,0.007805142241790343,"tensor(0.0864, device='cuda:0')","tensor(0.3014, device='cuda:0')",0.0007275955285876989,0.25972992181777954,0.006057577207684517,0.30035871267318726,1.7120604515075684,0.04543742910027504
169,0.008026200596599238,"tensor(0.0886, device='cuda:0')","tensor(0.3225, device='cuda:0')",0.0011372154112905264,0.2609197199344635,0.005988267250359058,0.28575649857521057,1.7324897050857544,0.045249637216329575
170,0.008696971412669374,"tensor(0.0882, device='cuda:0')","tensor(0.3140, device='cuda:0')",0.0004960435326211154,0.28734061121940613,0.0062569198198616505,0.2986287772655487,1.7358862161636353,0.04421725496649742
171,0.008156423208728322,"tensor(0.0882, device='cuda:0')","tensor(0.3435, device='cuda:0')",0.0004031814751215279,0.26728880405426025,0.005980278830975294,0.2802303731441498,1.7285879850387573,0.04293104633688927
172,0.007892306459218483,"tensor(0.0873, device='cuda:0')","tensor(0.2776, device='cuda:0')",0.0004098066419828683,0.2628619372844696,0.005806541536003351,0.27006474137306213,1.719213843345642,0.04938223212957382
173,0.008415694536832982,"tensor(0.0882, device='cuda:0')","tensor(0.2812, device='cuda:0')",0.000399488810217008,0.27643442153930664,0.006039307452738285,0.26760149002075195,1.7224736213684082,0.04974595457315445
174,0.007797614441883257,"tensor(0.0879, device='cuda:0')","tensor(0.2940, device='cuda:0')",0.0002909717441070825,0.260499507188797,0.005721345543861389,0.26826372742652893,1.7341500520706177,0.04817687347531319
175,0.008213437747840276,"tensor(0.0874, device='cuda:0')","tensor(0.3251, device='cuda:0')",0.0002495608350727707,0.27568909525871277,0.005808984395116568,0.2666950821876526,1.7311538457870483,0.045646000653505325
176,0.007896909638555586,"tensor(0.0882, device='cuda:0')","tensor(0.2576, device='cuda:0')",0.00035023834789171815,0.26386314630508423,0.0055798254907131195,0.3061588406562805,1.7449395656585693,0.054243288934230804
177,0.008026236130664235,"tensor(0.0881, device='cuda:0')","tensor(0.2878, device='cuda:0')",0.0003168683033436537,0.2654531002044678,0.005537425633519888,0.29037001729011536,1.7471141815185547,0.05457638204097748
178,0.007635951815994785,"tensor(0.0876, device='cuda:0')","tensor(0.3156, device='cuda:0')",0.00024289895372930914,0.25405845046043396,0.005377055145800114,0.2951664626598358,1.7135206460952759,0.0471322275698185
179,0.00800629160606631,"tensor(0.0877, device='cuda:0')","tensor(0.3139, device='cuda:0')",0.00024914403911679983,0.264175146818161,0.005455440375953913,0.3245214521884918,1.726515769958496,0.04824122413992882
180,0.008557919546386556,"tensor(0.0873, device='cuda:0')","tensor(0.3091, device='cuda:0')",0.009721556678414345,0.28333282470703125,0.0062789311632514,0.26306581497192383,1.7375578880310059,0.04604035243391991
181,0.008849978310001247,"tensor(0.0883, device='cuda:0')","tensor(0.2999, device='cuda:0')",0.0015768343582749367,0.29129549860954285,0.006077843252569437,0.24462246894836426,1.7523261308670044,0.04880838096141815
182,0.007921093352385522,"tensor(0.0891, device='cuda:0')","tensor(0.3224, device='cuda:0')",0.0003100131289102137,0.2623389661312103,0.005647194106131792,0.26047810912132263,1.7563176155090332,0.04842815920710564
183,0.008264017183511682,"tensor(0.0908, device='cuda:0')","tensor(0.2993, device='cuda:0')",0.027507785707712173,0.2702764868736267,0.006586794275790453,0.3215872049331665,1.764807105064392,0.049918342381715775
184,0.00841496605768471,"tensor(0.0881, device='cuda:0')","tensor(0.2962, device='cuda:0')",0.026553316041827202,0.27691611647605896,0.006799853872507811,0.2596834599971771,1.7422066926956177,0.050162166357040405
185,0.008097303170121877,"tensor(0.0878, device='cuda:0')","tensor(0.3227, device='cuda:0')",0.010550855658948421,0.26985082030296326,0.006497784052044153,0.2837081551551819,1.7292894124984741,0.04843178391456604
186,0.007827059920493732,"tensor(0.0876, device='cuda:0')","tensor(0.3237, device='cuda:0')",0.0009929757798090577,0.2575490176677704,0.0054501635022461414,0.29906100034713745,1.7281389236450195,0.048862017691135406
187,0.007446398475421494,"tensor(0.0869, device='cuda:0')","tensor(0.2810, device='cuda:0')",0.0004886749084107578,0.25228050351142883,0.005045263562351465,0.27639123797416687,1.7297346591949463,0.05048878490924835
188,0.007474026783122955,"tensor(0.0891, device='cuda:0')","tensor(0.2862, device='cuda:0')",0.0010711908107623458,0.24777774512767792,0.005210689269006252,0.3054560422897339,1.756692886352539,0.04833569750189781
189,0.007860938294256544,"tensor(0.0877, device='cuda:0')","tensor(0.2651, device='cuda:0')",0.0012154113501310349,0.2604539096355438,0.005366000346839428,0.33356255292892456,1.72279953956604,0.05156043916940689
190,0.008510100860696505,"tensor(0.0884, device='cuda:0')","tensor(0.2670, device='cuda:0')",0.0008346877875737846,0.2782520651817322,0.0054411739110946655,0.2731916606426239,1.7469196319580078,0.05679507926106453
191,0.007761068561675903,"tensor(0.0887, device='cuda:0')","tensor(0.2703, device='cuda:0')",0.0021924006287008524,0.2599828243255615,0.005265120416879654,0.3167935311794281,1.726991891860962,0.051556263118982315
192,0.008381695539676859,"tensor(0.0890, device='cuda:0')","tensor(0.3422, device='cuda:0')",0.00023226498160511255,0.2785071134567261,0.005529390648007393,0.3232882618904114,1.7549364566802979,0.04741371423006058
193,0.007999207555686179,"tensor(0.0871, device='cuda:0')","tensor(0.2895, device='cuda:0')",0.00016304718155879527,0.2630748748779297,0.005228267516940832,0.29071471095085144,1.7202274799346924,0.0482405424118042
194,0.007855572482666877,"tensor(0.0874, device='cuda:0')","tensor(0.2744, device='cuda:0')",0.0006176590686663985,0.26001375913619995,0.004939965903759003,0.285379558801651,1.7194743156433105,0.052837204188108444
195,0.007621467058711192,"tensor(0.0883, device='cuda:0')","tensor(0.3107, device='cuda:0')",0.00022605595586355776,0.25707536935806274,0.005009177606552839,0.25075119733810425,1.74578857421875,0.049547284841537476
196,0.00761304418419433,"tensor(0.0872, device='cuda:0')","tensor(0.2553, device='cuda:0')",0.00016204956045839936,0.2558777630329132,0.004962555598467588,0.29953089356422424,1.7103941440582275,0.054145731031894684
197,0.007599375830870806,"tensor(0.0903, device='cuda:0')","tensor(0.2563, device='cuda:0')",0.00015045881445985287,0.2551482021808624,0.004863195586949587,0.3217945396900177,1.7538249492645264,0.05108138173818588
198,0.0075655268429888085,"tensor(0.0924, device='cuda:0')","tensor(0.2878, device='cuda:0')",0.0003366556775290519,0.2506023645401001,0.005487682763487101,0.2994776964187622,1.8112748861312866,0.05461573228240013
199,0.007990044897750896,"tensor(0.0912, device='cuda:0')","tensor(0.2683, device='cuda:0')",0.00013658004172611982,0.26613786816596985,0.005716860294342041,0.27477365732192993,1.7973849773406982,0.05192559212446213
200,0.0083411947981564,"tensor(0.0889, device='cuda:0')","tensor(0.2894, device='cuda:0')",0.0048660775646567345,0.27014440298080444,0.005336463917046785,0.27998465299606323,1.7513779401779175,0.04775357246398926
201,0.008511223144617308,"tensor(0.0880, device='cuda:0')","tensor(0.3015, device='cuda:0')",0.0072469888255000114,0.2842625677585602,0.005724528804421425,0.31989720463752747,1.7324059009552002,0.05066686123609543
202,0.007754565322744276,"tensor(0.0886, device='cuda:0')","tensor(0.2718, device='cuda:0')",0.0020137792453169823,0.25677430629730225,0.005292457062751055,0.26036664843559265,1.7531818151474,0.05373125523328781
203,0.007726110247430744,"tensor(0.0883, device='cuda:0')","tensor(0.2939, device='cuda:0')",0.0009071706444956362,0.25654336810112,0.00519529590383172,0.25825563073158264,1.743316411972046,0.04858606681227684
204,0.007620356471948873,"tensor(0.0905, device='cuda:0')","tensor(0.2837, device='cuda:0')",0.0015926480991765857,0.252361923456192,0.0049400851130485535,0.3178291618824005,1.773997187614441,0.04999323561787605
205,0.00798230967172779,"tensor(0.0922, device='cuda:0')","tensor(0.3310, device='cuda:0')",0.0002798682253342122,0.26420310139656067,0.005085269454866648,0.2727276384830475,1.7861076593399048,0.04866732284426689
206,0.007294029808269229,"tensor(0.0895, device='cuda:0')","tensor(0.2825, device='cuda:0')",0.00026546974550001323,0.24799321591854095,0.0047433748841285706,0.3018832504749298,1.7503706216812134,0.051655009388923645
207,0.007359959991470746,"tensor(0.0910, device='cuda:0')","tensor(0.2844, device='cuda:0')",0.0012401356361806393,0.2434740662574768,0.004627999383956194,0.2512645721435547,1.7769705057144165,0.05189207196235657
208,0.00823725207866279,"tensor(0.0925, device='cuda:0')","tensor(0.2746, device='cuda:0')",0.0014713442651554942,0.2736980617046356,0.005242521408945322,0.2621263861656189,1.807418942451477,0.05320001393556595
209,0.007723611046779244,"tensor(0.0926, device='cuda:0')","tensor(0.2892, device='cuda:0')",0.030605634674429893,0.2525722086429596,0.005040472839027643,0.3412841856479645,1.7891123294830322,0.04869476705789566
210,0.007782683336271849,"tensor(0.0918, device='cuda:0')","tensor(0.2916, device='cuda:0')",0.007708545308560133,0.25786298513412476,0.004983493592590094,0.3136904239654541,1.773909568786621,0.05160311236977577
211,0.007394188256619279,"tensor(0.0899, device='cuda:0')","tensor(0.2984, device='cuda:0')",0.0006339376559481025,0.24648433923721313,0.004645563196390867,0.2946073114871979,1.7542911767959595,0.05356292426586151
212,0.007603252690066309,"tensor(0.0888, device='cuda:0')","tensor(0.2918, device='cuda:0')",0.0014220606535673141,0.2533509433269501,0.004892090801149607,0.28213387727737427,1.750413417816162,0.04939083755016327
213,0.007620377603041775,"tensor(0.0907, device='cuda:0')","tensor(0.2936, device='cuda:0')",0.0002970097993966192,0.250702828168869,0.004744972568005323,0.3247150778770447,1.7645801305770874,0.05175846442580223
214,0.007565581859500312,"tensor(0.0884, device='cuda:0')","tensor(0.3000, device='cuda:0')",0.00021397636737674475,0.2539735734462738,0.004850639495998621,0.29554614424705505,1.7583707571029663,0.052901897579431534
215,0.008158671057485127,"tensor(0.0887, device='cuda:0')","tensor(0.2941, device='cuda:0')",0.00023832492297515273,0.26835986971855164,0.004819672554731369,0.3495987355709076,1.7547085285186768,0.05074504762887955
216,0.007428544520424192,"tensor(0.0873, device='cuda:0')","tensor(0.2829, device='cuda:0')",0.00018135506252292544,0.24976937472820282,0.004680230747908354,0.3046281933784485,1.7420361042022705,0.05056396871805191
217,0.0074390511435922235,"tensor(0.0899, device='cuda:0')","tensor(0.3050, device='cuda:0')",0.00015692418674007058,0.2452070266008377,0.0044285934418439865,0.32945680618286133,1.7630469799041748,0.054797928780317307
218,0.007530716689550044,"tensor(0.0898, device='cuda:0')","tensor(0.2753, device='cuda:0')",0.00016105685790535063,0.25033921003341675,0.004476615693420172,0.2999771535396576,1.75852632522583,0.0542721264064312
219,0.007389788875383709,"tensor(0.0906, device='cuda:0')","tensor(0.2760, device='cuda:0')",0.00040761064155958593,0.24610547721385956,0.004595148842781782,0.4004989266395569,1.7614763975143433,0.05362293869256973
220,0.007633397275212166,"tensor(0.0900, device='cuda:0')","tensor(0.2794, device='cuda:0')",0.0003928592486772686,0.24664188921451569,0.004508007783442736,0.3838983476161957,1.7535505294799805,0.05166792497038841
221,0.007991936073213926,"tensor(0.0917, device='cuda:0')","tensor(0.2643, device='cuda:0')",0.00011457513755885884,0.26483017206192017,0.0046403598971664906,0.3379150927066803,1.8031777143478394,0.0528196357190609
222,0.008116048449129961,"tensor(0.0921, device='cuda:0')","tensor(0.2903, device='cuda:0')",0.00017325388034805655,0.2730993628501892,0.005137430038303137,0.35403013229370117,1.7789561748504639,0.04803166538476944
223,0.007605300887542612,"tensor(0.0908, device='cuda:0')","tensor(0.3119, device='cuda:0')",0.022765403613448143,0.243381530046463,0.00484179612249136,0.38870084285736084,1.765306830406189,0.05302796885371208
224,0.008900707032914986,"tensor(0.0906, device='cuda:0')","tensor(0.2809, device='cuda:0')",0.12669628858566284,0.27140000462532043,0.00807981938123703,0.37474942207336426,1.7565218210220337,0.0532689094543457
225,0.007679011152290246,"tensor(0.0911, device='cuda:0')","tensor(0.2842, device='cuda:0')",0.0066216811537742615,0.2565521001815796,0.0056311385706067085,0.3559603691101074,1.7738378047943115,0.05133397877216339
226,0.007596724137650146,"tensor(0.0912, device='cuda:0')","tensor(0.2746, device='cuda:0')",0.002477055648341775,0.25537756085395813,0.0049300650134682655,0.34717121720314026,1.774324655532837,0.05184293910861015
227,0.007253401450511506,"tensor(0.0891, device='cuda:0')","tensor(0.2825, device='cuda:0')",0.0008400529623031616,0.24204015731811523,0.0044499593786895275,0.34054672718048096,1.7574639320373535,0.04772653058171272
228,0.007412533630164997,"tensor(0.0919, device='cuda:0')","tensor(0.2492, device='cuda:0')",0.0005482692504301667,0.24601636826992035,0.004535550717264414,0.319560706615448,1.8024719953536987,0.05866596847772598
229,0.007508010796942364,"tensor(0.0915, device='cuda:0')","tensor(0.3047, device='cuda:0')",0.004285885952413082,0.24141629040241241,0.004603286739438772,0.40721145272254944,1.7745819091796875,0.05089762061834335
230,0.008325190097714178,"tensor(0.0903, device='cuda:0')","tensor(0.3092, device='cuda:0')",0.022685589268803596,0.2759040594100952,0.006725425831973553,0.2744590938091278,1.7650883197784424,0.04628865048289299
231,0.00728861744488206,"tensor(0.0926, device='cuda:0')","tensor(0.3310, device='cuda:0')",0.003750038566067815,0.24375155568122864,0.005164933856576681,0.20959652960300446,1.805876612663269,0.04985690116882324
232,0.0072003545989419385,"tensor(0.0880, device='cuda:0')","tensor(0.2817, device='cuda:0')",0.0008109220652841032,0.24050496518611908,0.004441848490387201,0.2708223760128021,1.7498060464859009,0.04846605658531189
233,0.007682680427987019,"tensor(0.0897, device='cuda:0')","tensor(0.2716, device='cuda:0')",0.000324363965773955,0.25234490633010864,0.004678649362176657,0.2675391733646393,1.76386559009552,0.051500119268894196
234,0.007581834608786534,"tensor(0.0901, device='cuda:0')","tensor(0.3070, device='cuda:0')",0.0002955695672426373,0.2524210810661316,0.004634344018995762,0.3000717759132385,1.7670174837112427,0.0492243766784668
235,0.006721235056455257,"tensor(0.0899, device='cuda:0')","tensor(0.2834, device='cuda:0')",0.00024683575611561537,0.2269412726163864,0.004144849721342325,0.27242887020111084,1.773290991783142,0.05060940608382225
236,0.006571079270489623,"tensor(0.0892, device='cuda:0')","tensor(0.2828, device='cuda:0')",0.00031305887387134135,0.22300022840499878,0.004303734749555588,0.27009791135787964,1.7672239542007446,0.05464252829551697
237,0.006799663386225481,"tensor(0.0899, device='cuda:0')","tensor(0.3007, device='cuda:0')",0.00018234686285723,0.2292756587266922,0.004087165463715792,0.24019315838813782,1.7802366018295288,0.05205589532852173
238,0.006980820267926902,"tensor(0.0888, device='cuda:0')","tensor(0.2825, device='cuda:0')",0.0001716610131552443,0.2290627509355545,0.003989776596426964,0.2617079019546509,1.7578778266906738,0.0542525015771389
239,0.007648421545852938,"tensor(0.0884, device='cuda:0')","tensor(0.3076, device='cuda:0')",0.0001902559888549149,0.2500538229942322,0.004194953478872776,0.27626270055770874,1.7414140701293945,0.05060208961367607
240,0.006767008284120546,"tensor(0.0917, device='cuda:0')","tensor(0.2681, device='cuda:0')",0.0001783310726750642,0.22659654915332794,0.003941213712096214,0.28240224719047546,1.7791997194290161,0.05451014265418053
241,0.006757744260379267,"tensor(0.0900, device='cuda:0')","tensor(0.3020, device='cuda:0')",0.0001225504674948752,0.22585102915763855,0.003847620915621519,0.2809894382953644,1.7840125560760498,0.05328650772571564
242,0.006448486477465314,"tensor(0.0877, device='cuda:0')","tensor(0.2577, device='cuda:0')",0.00012806268932763487,0.21873706579208374,0.003768932307139039,0.2718769311904907,1.7324960231781006,0.0515933595597744
243,0.006943056419806774,"tensor(0.0904, device='cuda:0')","tensor(0.2805, device='cuda:0')",0.0001485494285589084,0.22800090909004211,0.0038489799480885267,0.261135071516037,1.7673898935317993,0.05903584882616997
244,0.006978447114199619,"tensor(0.0900, device='cuda:0')","tensor(0.3109, device='cuda:0')",0.00011757106403820217,0.2355716973543167,0.0039013142231851816,0.3002831041812897,1.7646838426589966,0.056545890867710114
245,0.00735051825091325,"tensor(0.0908, device='cuda:0')","tensor(0.2726, device='cuda:0')",0.00045943408622406423,0.2462759017944336,0.004281603731215,0.27416956424713135,1.7722612619400024,0.057801831513643265
246,0.00682936591671451,"tensor(0.0879, device='cuda:0')","tensor(0.3125, device='cuda:0')",0.0010483291698619723,0.2302415668964386,0.005095064174383879,0.2641141414642334,1.747617483139038,0.05488033592700958
247,0.006797801458400071,"tensor(0.0899, device='cuda:0')","tensor(0.3166, device='cuda:0')",0.00013012753333896399,0.22880804538726807,0.003996140323579311,0.24542251229286194,1.7643358707427979,0.05704315006732941
248,0.007089958765872699,"tensor(0.0902, device='cuda:0')","tensor(0.3230, device='cuda:0')",0.00027120267623104155,0.2364746779203415,0.004198296461254358,0.3029436469078064,1.7533611059188843,0.04981210082769394
249,0.007442396033130696,"tensor(0.0921, device='cuda:0')","tensor(0.2755, device='cuda:0')",0.0001515214389655739,0.24841661751270294,0.004067765083163977,0.2902076542377472,1.810591220855713,0.0549301877617836
250,0.007174432841658111,"tensor(0.0906, device='cuda:0')","tensor(0.3169, device='cuda:0')",0.00010701167775550857,0.24043229222297668,0.004167529754340649,0.30237680673599243,1.77482008934021,0.05119714140892029
251,0.0069781254501054615,"tensor(0.0913, device='cuda:0')","tensor(0.2832, device='cuda:0')",6.298095104284585e-05,0.2315136045217514,0.0039100609719753265,0.29476168751716614,1.7835264205932617,0.05314500257372856
252,0.00694458866286475,"tensor(0.0899, device='cuda:0')","tensor(0.2855, device='cuda:0')",0.0001021699863485992,0.23209156095981598,0.0039055251982063055,0.30908405780792236,1.7702449560165405,0.05097302049398422
253,0.006998103973113329,"tensor(0.0924, device='cuda:0')","tensor(0.2979, device='cuda:0')",0.00022989384888205677,0.23012179136276245,0.0037866546772420406,0.3197033703327179,1.791732907295227,0.054521672427654266
254,0.00713670185787658,"tensor(0.0905, device='cuda:0')","tensor(0.2950, device='cuda:0')",6.804900476709008e-05,0.23500660061836243,0.0038011078722774982,0.2868939936161041,1.7597466707229614,0.05456032603979111
255,0.006804236263954355,"tensor(0.0896, device='cuda:0')","tensor(0.3151, device='cuda:0')",5.30148645339068e-05,0.228584423661232,0.003854700829833746,0.3049081265926361,1.762945294380188,0.05568189173936844
256,0.00688275379156146,"tensor(0.0900, device='cuda:0')","tensor(0.3585, device='cuda:0')",0.0004531674785539508,0.22817908227443695,0.003936384338885546,0.36192235350608826,1.7553340196609497,0.05130831524729729
257,0.006970570462084759,"tensor(0.0907, device='cuda:0')","tensor(0.2727, device='cuda:0')",8.646878268336877e-05,0.2317231148481369,0.003744149813428521,0.3265417814254761,1.772035837173462,0.05269789323210716
258,0.0074698584109736494,"tensor(0.0908, device='cuda:0')","tensor(0.2877, device='cuda:0')",0.0012616077437996864,0.25107496976852417,0.004014270380139351,0.4325076937675476,1.7617541551589966,0.05291890725493431
259,0.006943700079763376,"tensor(0.0925, device='cuda:0')","tensor(0.3304, device='cuda:0')",0.01184149645268917,0.23404057323932648,0.004045878071337938,0.36495205760002136,1.7726744413375854,0.049160975962877274
260,0.00657422756365336,"tensor(0.0908, device='cuda:0')","tensor(0.2841, device='cuda:0')",0.0015847739996388555,0.22085708379745483,0.00391845079138875,0.3546387851238251,1.7816122770309448,0.053803518414497375
261,0.006843978768515894,"tensor(0.0906, device='cuda:0')","tensor(0.2953, device='cuda:0')",0.00045317556941881776,0.22792281210422516,0.0037513410206884146,0.3030740022659302,1.7747598886489868,0.055499374866485596
262,0.007278259963427177,"tensor(0.0904, device='cuda:0')","tensor(0.2943, device='cuda:0')",0.0003095288120675832,0.23958183825016022,0.0038259560242295265,0.36071160435676575,1.7613123655319214,0.05581262335181236
263,0.007393356323625673,"tensor(0.0899, device='cuda:0')","tensor(0.2946, device='cuda:0')",0.00037558283656835556,0.24658174812793732,0.004124029073864222,0.3112919330596924,1.758434772491455,0.05159704387187958
264,0.0066743032640421435,"tensor(0.0897, device='cuda:0')","tensor(0.2952, device='cuda:0')",0.00022035396250430495,0.22504150867462158,0.0037905897479504347,0.33172473311424255,1.7442407608032227,0.049755848944187164
265,0.006945567743113155,"tensor(0.0923, device='cuda:0')","tensor(0.2908, device='cuda:0')",0.0003503127081785351,0.22759594023227692,0.0038825024385005236,0.3857274651527405,1.7770073413848877,0.056464970111846924
266,0.00882884833674111,"tensor(0.0925, device='cuda:0')","tensor(0.3057, device='cuda:0')",0.07301398366689682,0.2802417576313019,0.007776005193591118,0.2860243320465088,1.820102572441101,0.054970916360616684
267,0.0075901795947121336,"tensor(0.0885, device='cuda:0')","tensor(0.2830, device='cuda:0')",0.008902428671717644,0.25382065773010254,0.005833164788782597,0.32536888122558594,1.7559882402420044,0.05374441668391228
268,0.00669056420241866,"tensor(0.0903, device='cuda:0')","tensor(0.2671, device='cuda:0')",0.0012029759818688035,0.22394143044948578,0.004287492949515581,0.33317387104034424,1.7625983953475952,0.05655553191900253
269,0.006355824043138829,"tensor(0.0904, device='cuda:0')","tensor(0.2920, device='cuda:0')",0.0004794049309566617,0.2125321328639984,0.0039351582527160645,0.40195441246032715,1.7530173063278198,0.05383099243044853
270,0.00634139178231742,"tensor(0.0911, device='cuda:0')","tensor(0.2751, device='cuda:0')",0.0004196520894765854,0.21515826880931854,0.0036743637174367905,0.37180930376052856,1.755707859992981,0.05467565730214119
271,0.006443757000584703,"tensor(0.0892, device='cuda:0')","tensor(0.2923, device='cuda:0')",0.0021822163835167885,0.21704116463661194,0.0037917355075478554,0.3071902394294739,1.7527971267700195,0.0552617684006691
272,0.006403545794241568,"tensor(0.0901, device='cuda:0')","tensor(0.3157, device='cuda:0')",0.00021015484526287764,0.21354882419109344,0.003582922974601388,0.36253631114959717,1.7510136365890503,0.057224091142416
273,0.006327245862099945,"tensor(0.0911, device='cuda:0')","tensor(0.3216, device='cuda:0')",0.0001821812620619312,0.2119978964328766,0.003532396862283349,0.381710410118103,1.7763952016830444,0.05727731063961983
274,0.006644303912146236,"tensor(0.0909, device='cuda:0')","tensor(0.2989, device='cuda:0')",0.015796219930052757,0.21916119754314423,0.003974484279751778,0.33024540543556213,1.7768659591674805,0.05731291323900223
275,0.006645425181726322,"tensor(0.0881, device='cuda:0')","tensor(0.3104, device='cuda:0')",0.0005606147460639477,0.2129911184310913,0.003827071050181985,0.314434677362442,1.7339410781860352,0.04971792921423912
276,0.007245863469399731,"tensor(0.0891, device='cuda:0')","tensor(0.3029, device='cuda:0')",0.00027480500284582376,0.24008172750473022,0.0038433228619396687,0.30602526664733887,1.7410295009613037,0.05588787421584129
277,0.006474956640672377,"tensor(0.0872, device='cuda:0')","tensor(0.3309, device='cuda:0')",0.00011239464220125228,0.22038230299949646,0.003635932458564639,0.30939608812332153,1.7277860641479492,0.0523119755089283
278,0.006196689945875946,"tensor(0.0895, device='cuda:0')","tensor(0.3101, device='cuda:0')",9.861985017778352e-05,0.21022988855838776,0.003500889288261533,0.311709463596344,1.7485886812210083,0.05373771861195564
279,0.006172662970664746,"tensor(0.0897, device='cuda:0')","tensor(0.3024, device='cuda:0')",0.0001886070822365582,0.20676162838935852,0.0034081086050719023,0.31220346689224243,1.7448416948318481,0.05510714277625084
280,0.006141875921885538,"tensor(0.0891, device='cuda:0')","tensor(0.2809, device='cuda:0')",0.0001485833345213905,0.20813551545143127,0.0033921427093446255,0.2848023772239685,1.7601369619369507,0.061802320182323456
281,0.0061795146320946515,"tensor(0.0881, device='cuda:0')","tensor(0.3225, device='cuda:0')",9.091138781514019e-05,0.2080148607492447,0.0032997222151607275,0.2969439923763275,1.7372926473617554,0.052990369498729706
282,0.006154750684372094,"tensor(0.0906, device='cuda:0')","tensor(0.3095, device='cuda:0')",0.00010008009849116206,0.20614899694919586,0.003277283161878586,0.3119821846485138,1.7712085247039795,0.055469997227191925
283,0.0070172857907463745,"tensor(0.0910, device='cuda:0')","tensor(0.3023, device='cuda:0')",0.00012237745977472514,0.22938860952854156,0.0037156580947339535,0.3328004777431488,1.7800633907318115,0.05765422061085701
284,0.006935531689497807,"tensor(0.0907, device='cuda:0')","tensor(0.3202, device='cuda:0')",9.35863281483762e-05,0.23075412213802338,0.0038311928510665894,0.2801734209060669,1.7770867347717285,0.054859984666109085
285,0.006697978582986466,"tensor(0.0892, device='cuda:0')","tensor(0.2959, device='cuda:0')",0.0003767346206586808,0.22260770201683044,0.003772849217057228,0.3553672730922699,1.7522740364074707,0.055083710700273514
286,0.006513124848852921,"tensor(0.0911, device='cuda:0')","tensor(0.2894, device='cuda:0')",0.0001001558339339681,0.2191123217344284,0.0034617336932569742,0.35509660840034485,1.760569453239441,0.05943944305181503
287,0.0064950799501007975,"tensor(0.0897, device='cuda:0')","tensor(0.3148, device='cuda:0')",0.00053427554666996,0.21590515971183777,0.003516221884638071,0.3075440227985382,1.7667487859725952,0.054944347590208054
288,0.006401099216686014,"tensor(0.0914, device='cuda:0')","tensor(0.2942, device='cuda:0')",0.00013137661153450608,0.21335695683956146,0.003299690317362547,0.34484437108039856,1.7759207487106323,0.05342085286974907
289,0.006260374326409553,"tensor(0.0902, device='cuda:0')","tensor(0.2943, device='cuda:0')",8.440910460194573e-05,0.20886148512363434,0.0033003317657858133,0.3480779230594635,1.7618783712387085,0.055914875119924545
290,0.007043314460829338,"tensor(0.0912, device='cuda:0')","tensor(0.2748, device='cuda:0')",7.9260156780947e-05,0.23472541570663452,0.003701174631714821,0.3324275314807892,1.759899616241455,0.05886971205472946
291,0.006433529116774854,"tensor(0.0918, device='cuda:0')","tensor(0.3040, device='cuda:0')",0.00010907430987572297,0.2127758413553238,0.003405035939067602,0.38319993019104004,1.7762374877929688,0.05876028910279274
292,0.006227994898016973,"tensor(0.0916, device='cuda:0')","tensor(0.3133, device='cuda:0')",5.348197737475857e-05,0.21026530861854553,0.003308555344119668,0.36861926317214966,1.7806837558746338,0.05780922248959541
293,0.006306237893809071,"tensor(0.0919, device='cuda:0')","tensor(0.3029, device='cuda:0')",6.839881098130718e-05,0.21083657443523407,0.0032614420633763075,0.3874729573726654,1.7873486280441284,0.05547478422522545
294,0.0063182421521667175,"tensor(0.0895, device='cuda:0')","tensor(0.2836, device='cuda:0')",5.765095556853339e-05,0.21013878285884857,0.003263449762016535,0.36461228132247925,1.756561279296875,0.05960435792803764
295,0.007086836087336558,"tensor(0.0911, device='cuda:0')","tensor(0.2648, device='cuda:0')",6.36642289464362e-05,0.23708952963352203,0.0035675796680152416,0.37233829498291016,1.7688965797424316,0.06146323308348656
296,0.006347875728833434,"tensor(0.0914, device='cuda:0')","tensor(0.2706, device='cuda:0')",5.8155350416200235e-05,0.21298056840896606,0.0034639909863471985,0.35269084572792053,1.7770969867706299,0.06277526915073395
297,0.00726445227080737,"tensor(0.0922, device='cuda:0')","tensor(0.2730, device='cuda:0')",0.00011751305282814428,0.23309753835201263,0.003732851007953286,0.37314802408218384,1.7895492315292358,0.06418363004922867
298,0.006887703136569331,"tensor(0.0919, device='cuda:0')","tensor(0.2707, device='cuda:0')",0.00021413528884295374,0.23011696338653564,0.0034065640065819025,0.37747707962989807,1.795620083808899,0.06259779632091522
299,0.006107491132912829,"tensor(0.0907, device='cuda:0')","tensor(0.2573, device='cuda:0')",0.00011696948786266148,0.2062174677848816,0.00318393693305552,0.3402668237686157,1.7703131437301636,0.062129367142915726
